t_s,gps_x_m,gps_y_m,kalman_x_m,kalman_y_m,kalman_vx_mps,kalman_vy_mps,kalman_speed_mps,gps_horizontal_accuracy_m,innovation_norm_m,residual_norm_m,kalman_position_std_x_m,kalman_position_std_y_m,kalman_step_distance_m,kalman_cumulative_distance_m
0.0,0.0,0.0,0.0,0.0,0.0,0.0,0.0,11.27299976348877,0.0,0.0,3.044750574777699,3.044750574777699,0.0,0.0
2.997633056640625,-4.551029672001302,-5.915570096973188,-2.091003729919229,-2.717951766710883,-0.7353111934430059,-0.9557803884825711,1.2059016138186698,8.887999534606934,7.4636345467633705,4.034413293373187,6.024577471142637,6.024577471142637,3.4292212533901827,3.4292212533901827
3.790923828125001,-4.569758189363687,-7.728047401231342,-3.562224560331356,-5.467929154269089,-1.0036222725264508,-1.5576608103609426,1.8529880911774543,8.317999839782715,4.655234150754956,2.4745218737935586,5.693080527454247,5.693080527454247,3.1187924528445308,6.5480137062347135
4.788760742187501,-4.073452484919385,-10.352247670233572,-4.321560528970879,-8.666880436801181,-0.9404270271131482,-1.9869382904018298,2.198255390801947,7.63100004196167,3.3659172935598307,1.7035317176532434,5.362849591239997,5.362849591239997,3.2878382595990696,9.835851965833783
5.788987548828125,-3.970445640319779,-11.6087503418999,-4.511871959205577,-11.208689161278638,-0.761793513804747,-2.1189310135848274,2.251710016411218,5.8480000495910645,1.6061336915790376,0.6731949249825813,4.457004692894006,4.457004692894006,2.5489233084397998,12.384775274273583
6.031937744140626,-3.923624347211655,-11.808901209802713,-4.405806714917688,-11.755641957540828,-0.6919874972368285,-2.126641408022259,2.236392267614737,6.078999996185303,0.7780285624379083,0.48511481494393754,3.7299606512122074,3.7299606512122074,0.557141990326414,12.941917264599997
6.670880126953126,-3.811253244228693,-12.053530048114824,-4.508187425083726,-12.766746268067806,-0.6072077824900693,-2.039881037615124,2.128336425177717,6.251999855041504,1.4833308942623502,0.9971933758545005,3.5791467716567333,3.5791467716567333,1.0162744395980536,13.95819170419805
6.790715820312499,-3.895531571465914,-12.509429247462569,-4.388629000410033,-12.870404905114732,-0.5586866275057617,-2.0043607635224197,2.080767362801988,5.906000137329102,0.8494543407848727,0.6111043281214039,3.1284629958347647,3.1284629958347647,0.15823820633741276,14.116429910535462
7.273615234375001,-3.801888985845336,-12.80965554931679,-4.418864787473638,-13.550616196325995,-0.49510098230127464,-1.927997216221421,1.9905522470995922,5.692999839782715,1.3385707880941562,0.9642000934511393,3.0107273145677667,3.0107273145677667,0.6808829587459576,14.79731286928142
7.789001708984374,-3.773796210099596,-13.688095469321148,-4.416306051507301,-14.299164507123665,-0.4243738402417813,-1.8607310611223402,1.9085107382739628,5.4670000076293945,1.2423680123782075,0.8866928810285153,2.9251671951710123,2.9251671951710123,0.7485526840027964,15.545865553284216
7.832535888671876,-3.867438795720174,-13.821529381256358,-4.2995154828219,-14.246979177241395,-0.3870954057155186,-1.8240243772458598,1.8646468249813979,5.290999889373779,0.7962136700579802,0.6063808971599551,2.5835004016799434,2.5835004016799434,0.1279192932625128,15.673784846546729
8.4737783203125,-3.79252472746198,-14.288548073736916,-4.342625449963966,-15.11024200084252,-0.327210978392885,-1.7345740852422398,1.765166927396608,5.081999778747559,1.3575326299310508,0.9888335121442016,2.6484730157463607,2.6484730157463607,0.8643385747950731,16.5381234213418
8.789412353515624,-3.895531571465914,-14.955717633412968,-4.3041683474182095,-15.476944589409438,-0.2851528715502224,-1.6809278637207228,1.7049430029141885,4.935999870300293,0.8920399391065452,0.6623152982666434,2.5048791656848075,2.5048791656848075,0.3687136249149102,16.90683704625671
8.993162353515626,-3.9517171229573953,-15.289302413250994,-4.25969590570359,-15.686985336646329,-0.2543438027464719,-1.6411451214171382,1.6607372096592554,4.61299991607666,0.670515729214126,0.5029936760855823,2.305764535709473,2.305764535709473,0.21469726028035732,17.121534306537068
9.792970458984374,-4.0359954501946165,-16.479088128949716,-4.330269625591248,-16.8376918743886,-0.21315679232241871,-1.590954457620056,1.6051703661400898,4.385000228881836,0.6733169917024224,0.46389000479441617,2.445547797522696,2.445547797522696,1.1528686767978336,18.2744029833349
9.81459765625,-4.073452484919385,-16.5791635621938,-4.2697902661613965,-16.7991653820187,-0.19294173719743202,-1.5683029389606096,1.5801267741245475,4.276000022888184,0.39262674089239574,0.2948717095099226,2.133621215463702,2.133621215463702,0.0717080437006416,18.346111027035544
10.273771728515625,-4.129638036410865,-17.05730174709985,-4.299930374358797,-17.40123317050945,-0.17396964493728106,-1.5299858967805495,1.539844888846596,4.2170000076293945,0.5155166186961593,0.3837815842016476,2.131733506406103,2.131733506406103,0.6028217382114661,18.94893276524701
10.791307373046877,-4.288830431906281,-17.724471306775904,-4.362430853385913,-18.065479257208544,-0.1648797481485893,-1.4878702809832427,1.4969780574152367,4.131999969482422,0.47937400412182646,0.3488602073900799,2.1560125374337744,2.1560125374337744,0.6671800158680413,19.616112781115053
11.035275146484375,-4.345015983397762,-18.01357811620463,-4.387065431235462,-18.316249511266573,-0.15970818319549535,-1.4506454216926288,1.459410443726298,3.83899998664856,0.4188783169801597,0.3055783523945992,1.9965907636438762,1.9965907636438762,0.2519773457002711,19.868090126815325
11.495486572265625,-4.410565793868271,-18.480596807977868,-4.446999954044847,-18.84731732342346,-0.15517470076790868,-1.4050145905014928,1.4135576349341004,3.815999984741211,0.5057339433071195,0.36852596174008373,1.9876366702722594,1.9876366702722594,0.534439115459836,20.40252924227516
11.788225830078124,-4.485479862722135,-18.858659558932512,-4.490487133997754,-19.146993009753178,-0.1545249075578837,-1.3675975806664957,1.3762997819154899,3.5239999294281006,0.4000209997957521,0.28837692630961476,1.8617112902964341,1.8617112902964341,0.30281455017459713,20.70534379244976
12.157347900390624,-4.551029672001302,-19.27008078787096,-4.54846180511145,-19.549823204523634,-0.15484068737090673,-1.3331966510956172,1.3421583173970437,3.492000102996826,0.3817387541057036,0.27975420214009683,1.8049214995498712,1.8049214995498712,0.40698062399768414,21.112324416447443
12.747392333984374,-4.625943740855168,-19.870533391579404,-4.635819562391708,-20.202030276044084,-0.15348063331041303,-1.2875443798299762,1.2966598763103312,3.461999893188477,0.466141797782838,0.3316439600849251,1.8596262926278797,1.8596262926278797,0.6580314900506804,21.770355906498125
12.79258447265625,-4.6540365171965785,-19.981728317956303,-4.645396224420361,-20.195030326238253,-0.1543797849591233,-1.265347116683079,1.2747299493234663,3.41599988937378,0.27871722683355815,0.2134769341085162,1.6526994871897205,1.6526994871897205,0.011862198484901547,21.782218104983027
13.347540771484374,-4.71022206868806,-20.58218092166475,-4.725677249320997,-20.8157425120385,-0.15247206684907336,-1.2365173225609387,1.2458823460353312,3.3949999809265137,0.3157507844108624,0.23407238005863062,1.7267170587732428,1.7267170587732428,0.6258823056773671,22.408100410660396
13.802817382812504,-4.822593171671022,-21.07143859899629,-4.8027172989373454,-21.29352292049318,-0.1551964063343618,-1.2060767429584967,1.216020984376699,3.2799999713897705,0.30848941183590467,0.222971962747919,1.7269552244113002,1.7269552244113002,0.4839517413420589,22.892052152002453
14.107260986328123,-4.888142980950189,-21.39390388640883,-4.859904836777423,-21.591246540917084,-0.15876239627159966,-1.1811557737949872,1.1917778570015198,3.246999979019165,0.26951896329688135,0.1993527428321122,1.656729723157872,1.656729723157872,0.3031662392855213,23.195218391287973
14.60833056640625,-4.963057049804053,-21.87204207060756,-4.945826943832316,-22.09912158439877,-0.16105171304628077,-1.150984343569232,1.1621973212052406,3.263000011444092,0.31193980684096545,0.2277322597601178,1.6953414651792957,1.6953414651792957,0.5150919027438473,23.71031029403182
14.796514404296872,-5.075428152787016,-22.03883446123389,-4.999636417182361,-22.250181846601066,-0.1695176718501471,-1.1273767794522613,1.1400502813111564,3.257999897003174,0.2941494500590912,0.2245264004243325,1.5850521918873408,1.5850521918873408,0.16035791916471054,23.87066821319653
15.188967529296876,-5.150342222236551,-22.394658225922903,-5.0862738991950165,-22.621441678936186,-0.17679530235674246,-1.1016160587452353,1.1157125614694843,3.260999917984009,0.30962845415736895,0.23565967957625336,1.5938761334179474,1.5938761334179474,0.38123472611370895,24.25190293931024
15.787572021484374,-5.346991651861064,-22.87279641012163,-5.2344900382003905,-23.16920153968249,-0.19212340474501285,-1.0612314986799816,1.0784821261575805,3.2249999046325684,0.43648298066700597,0.31703724372105796,1.6870632925932616,1.6870632925932616,0.5674582706300705,24.81936120994031
15.889085449218747,-5.393812945564859,-22.93951336608924,-5.285836716900985,-23.200084902061057,-0.2036761112727419,-1.0333521541074555,1.0532334179571519,3.2230000495910645,0.3652397743750732,0.2820574255629249,1.5381081343434797,1.5381081343434797,0.05991880744297271,24.879280017383284
16.596787841796875,-5.515548306335507,-23.64004140445641,-5.45377478551275,-23.850369471994227,-0.2125313016737255,-1.0032017747877753,1.0254673837467823,3.2149999141693115,0.303655315941191,0.21921191543579838,1.6954046827332,1.6954046827332,0.6716198454350628,25.550899862818348
16.790072509765622,-5.65601218565988,-23.76235582396613,-5.534081816817872,-23.97565077763408,-0.22721909989357328,-0.9775081492329635,1.003568981771208,3.213000059127808,0.32472959073943153,0.2456862879897078,1.5851937093558655,1.5851937093558655,0.14881070129485935,25.699710564113207
17.209831787109373,-5.787111806005226,-24.10706009622965,-5.669361050250801,-24.3153770421422,-0.24225783116268337,-0.9509026081618367,0.9812770388471498,3.190000057220459,0.3203817703990363,0.239293105698995,1.6048589435867522,1.6048589435867522,0.36566980432466883,26.065380368437875
17.8096142578125,-5.918211425754901,-24.629676251545,-5.844416127757572,-24.812143784134754,-0.2533816376457111,-0.9233976914930613,0.9575309660531806,3.1670000553131104,0.2761819082728693,0.1968251672320073,1.6976273760150495,1.6976273760150495,0.526708150792068,26.592088519229943
18.393038330078127,-6.171046407466566,-25.185650884844147,-6.047813550098614,-25.299526942316326,-0.27386460799399115,-0.904469948045409,0.945022597840373,3.1410000324249268,0.2434529315096784,0.16779181625000958,1.7510429793288846,1.7510429793288846,0.5281220070154468,27.12021052624539
18.79306689453125,-6.348967320920036,-25.608191606208088,-6.2140512259198735,-25.64561682533285,-0.2945864140941181,-0.8987217966928431,0.9457705975656271,3.130000114440918,0.198835189101377,0.14001071286380032,1.7024594034102587,1.7024594034102587,0.38394423031066105,27.50415475655605
19.071347900390627,-6.433245647561587,-25.88617892321132,-6.332547646935074,-25.893176372167062,-0.3079067126403843,-0.8977961764365046,0.9491282938112294,3.130000114440918,0.13754751374785743,0.10094083228339916,1.6147234826659111,1.6147234826659111,0.2744578856986468,27.7786126422547
19.795043457031248,-6.583073785269317,-26.64230442370597,-6.564161196561783,-26.57442844661574,-0.31111394466075903,-0.9093067110600003,0.961057012534185,3.0850000381469727,0.10318328089543377,0.07046158015240299,1.7372744858493414,1.7372744858493414,0.7195479312118911,28.498160573466592
19.81899365234375,-6.60180230203603,-26.686782394822583,-6.578978278509416,-26.61830557822151,-0.31380856574204996,-0.9173911346226459,0.9695784186012538,3.0850000381469727,0.09547469352147947,0.07218040220004658,1.5238274356209778,1.5238274356209778,0.04631143050471193,28.544472003971304
20.292908691406247,-6.676716370889895,-27.164920579021317,-6.714465639450177,-27.082099931814536,-0.3087737847395226,-0.9284372776891754,0.9784360115742143,3.075000047683716,0.12292002615456209,0.09101794812335814,1.566546502543748,1.566546502543748,0.48317908419080574,29.02765108816211
20.77211767578125,-6.732901922381376,-27.70977571989497,-6.827129968214709,-27.57682560755482,-0.29522913758412606,-0.9475479611910151,0.9924753812744759,3.075999975204468,0.2240079900076489,0.16295599710605116,1.6058482233130102,1.6058482233130102,0.5073921020400723,29.53504319020218
20.79526586914063,-6.732901922381376,-27.77649267586257,-6.812015422397983,-27.637359530583847,-0.2867975955671165,-0.96237611264595,1.0042014952262368,3.075999975204468,0.2044567842587299,0.1600530474562358,1.43349216835558,1.43349216835558,0.06239234995197774,29.59743554015416
21.593641601562503,-6.826544508001954,-28.64381310344144,-6.97896583118454,-28.47456577404284,-0.2619799362099574,-0.9899334286462295,1.0240125390481567,3.075999975204468,0.3204450334410602,0.22776505058785468,1.6542552727398296,1.6542552727398296,0.8536900685147498,30.45112560866891
21.79750048828125,-6.826544508001954,-28.888441941753552,-6.979404376962819,-28.730947014880748,-0.24070399617880128,-1.0118545034328041,1.0400903566006614,3.049999952316284,0.2955312521096141,0.21947845345136463,1.5472330218171455,1.5472330218171455,0.2563816159087554,30.707507224577665
22.134552490234377,-6.845273025364337,-29.27762418513369,-7.006080393119216,-29.124011898466318,-0.21880559796471552,-1.0327730911255395,1.055696996042756,3.0460000038146973,0.29769258252554265,0.2223864747223438,1.5320078603140392,1.5320078603140392,0.3939690502388658,31.10147627481653
22.790485107421876,-6.83590876698098,-30.067108164319457,-7.055452288762192,-29.881176890682944,-0.18169276408571383,-1.0642039273232928,1.0796028248626564,3.0390000343322754,0.41107459317647704,0.28769740435428537,1.6648987315080643,1.6648987315080643,0.7587729630909269,31.860249237907457
22.82084838867188,-6.826544508001954,-30.13382512028706,-7.0051499002466615,-29.965954023499382,-0.15967611564114836,-1.0848973614661663,1.0965850385731584,3.013999938964844,0.3217182215459151,0.24511342532710037,1.470731486997454,1.470731486997454,0.09857734292900815,31.958826580836465
23.41429150390625,-6.826544508001954,-30.74539721712832,-7.024039228351305,-30.64741835116645,-0.12934601151000874,-1.0999443926071397,1.1075233891532208,3.006999969482422,0.3051561108846037,0.22046320042365977,1.5841485962257007,1.5841485962257007,0.6817260715265149,32.64055265236298
23.794168457031247,-6.7703589565104725,-31.167937938492265,-6.990437631005277,-31.093315647361948,-0.09654099635242122,-1.111067621140042,1.1152539722962256,3.006999969482422,0.31974960077688697,0.2323856908265399,1.5717897398397291,1.5717897398397291,0.4471615659900338,33.087714218353014
24.03538354492188,-6.742266181360403,-31.42368626993719,-6.9462225803398665,-31.376829739187844,-0.06993448349095029,-1.1171801476126824,1.119366925632985,3.00600004196167,0.2785302147895472,0.20926955621526605,1.4989810192914075,1.4989810192914075,0.2869411280545327,33.37465534640754
24.800295166015623,-6.629895078377441,-32.29100669751605,-6.884668396241419,-32.24992504294919,-0.025233697525404775,-1.1243880540893116,1.1246711677950816,3.006999969482422,0.37459818636412967,0.25806422812426155,1.6771690426821164,1.6771690426821164,0.8752624332336768,34.24991777964122
24.82571313476563,-6.611166561015057,-32.34660416035084,-6.819276452146689,-32.294907932582,0.000454282266981125,-1.130769161911951,1.1307692531650453,3.006999969482422,0.2824748548348055,0.21443466779499026,1.4757958203429842,1.4757958203429842,0.07936980982846088,34.329287589469686
25.326709960937507,-6.57370952688596,-32.91369828678281,-6.75442801256406,-32.8751895482869,0.02622647200614246,-1.136260877446245,1.1365635087617407,3.009999990463257,0.2508474412009569,0.18477579388635387,1.544789198144183,1.544789198144183,0.5838938890255565,34.91318147849524
25.79450732421876,-6.517523975394479,-33.51415089049126,-6.679784400957459,-33.436557327078724,0.050946844354890636,-1.1480822551652348,1.1492120977326215,3.003000020980835,0.24899884495387886,0.17985885240080482,1.5824184329105964,1.5824184329105964,0.5663086188813887,35.479490097376626
25.84692041015625,-6.508159716415451,-33.61422632444266,-6.639187171205298,-33.52310706263829,0.06599207485401178,-1.1585450264901864,1.1604229971646909,3.003000020980835,0.2057924665971844,0.1595960957557516,1.422802201289342,1.422802201289342,0.09559807419075138,35.57508817156738
26.567077148437495,-6.489431199053068,-34.34811284008632,-6.562602209212248,-34.354789423271214,0.07767783807628188,-1.157478743954758,1.1600822769249126,3.01200008392334,0.10265603578962021,0.07347498547627984,1.605880389451676,1.605880389451676,0.8352010568668072,36.41028922843419
26.795969482421874,-6.45197416492397,-34.67057812749885,-6.521169986866044,-34.632681257600304,0.08718289753987142,-1.1626844340059743,1.165948519748295,3.01200008392334,0.10586112598730481,0.07889381802363568,1.520216782015339,1.520216782015339,0.2809635218944471,36.69125275032864
27.046725830078124,-6.433245647561587,-34.98192392177857,-6.483609081201983,-34.93794181837393,0.09348464568658992,-1.1681877152277818,1.171922316959726,3.01200008392334,0.08770782462568329,0.06686479543038203,1.4683048329551458,1.4683048329551458,0.3075627279078737,36.99881547823651
27.808158447265622,-6.405152872411517,-35.78252739338983,-6.4102463122661115,-35.813975190738006,0.09434849336869547,-1.1628541670516812,1.1666753841709365,3.0390000343322754,0.045495903425767925,0.03185760643244367,1.663890070738628,1.663890070738628,0.8790998608585463,37.877915339095054
28.30906127929687,-6.3583315793033925,-36.4163384757894,-6.361562725874963,-36.40253579867412,0.09490241659842134,-1.165220393193766,1.169078711375267,3.052999973297119,0.02042396555135005,0.014175831676329666,1.6886200010884713,1.6886200010884713,0.5905706399729297,38.468485979067985
28.794538085937496,-6.227231958958047,-37.01679107949785,-6.2883747566332335,-36.98314453509003,0.10522001642354385,-1.1708981114843544,1.1756162806518964,3.058000087738037,0.10073866623310611,0.06978919442246344,1.694985612299201,1.694985612299201,0.5852033694744085,39.05368934854239
28.83015234375,-6.189774924828949,-37.09462752859827,-6.261812795710605,-37.04162976613857,0.11390503518673947,-1.17728761961024,1.1827850592260782,3.052999973297119,0.11775639953667558,0.0894327550000363,1.4973009804129769,1.4973009804129769,0.06423441459884817,39.11792376314124
29.63017309570312,-6.133589373337468,-38.00642592658643,-6.159292688454325,-37.99053042137021,0.11834935872042734,-1.180036088731485,1.1859560453145965,3.062000036239624,0.04361775130133987,0.030221308609578314,1.6969470876450508,1.6969470876450508,0.9544227710458684,40.07234653418711
29.801671386718745,-6.068039563462631,-38.21769628691474,-6.120549964104041,-38.19934950625577,0.12558117047303485,-1.182562835097373,1.1892121296601854,3.062000036239624,0.07516275991237478,0.05562325535304068,1.5612074174485584,1.5612074174485584,0.2123826944516092,40.284729228638724
30.170760498046874,-6.039946787121219,-38.62911751585318,-6.065357209975688,-38.63409021343818,0.12907227953508507,-1.1818796418384003,1.1889066999291613,3.062000036239624,0.03490225028187542,0.02589241801985158,1.5557393265540442,1.5557393265540442,0.43823021642708726,40.72295944506581
30.7299619140625,-6.058675304483604,-39.28516758310374,-6.011836751025991,-39.29219842590054,0.121794340961776,-1.180787164846343,1.187051890254246,3.072000026702881,0.06622927157669,0.04736330689927431,1.6395917877151185,1.6395917877151185,0.6602808938903107,41.38324033895612
30.794526611328124,-6.039946787121219,-39.36300403149684,-6.012265877427251,-39.367183494100075,0.11855708211983043,-1.180298380250154,1.1862377704920315,3.072000026702881,0.036381388125661135,0.027994654295730274,1.4749524255235185,1.4749524255235185,0.07498629609707144,41.458226635053194
31.311154785156248,-6.049311046100248,-39.90785917237049,-5.97628532057791,-39.959194968400475,0.10863034417574677,-1.1733200586970916,1.1783380295215322,3.072000026702881,0.12015280807614856,0.08926432961769097,1.5575877054632459,1.5575877054632459,0.5931038578314265,42.05133049288462
31.79842529296875,-6.039946787121219,-40.41935583526035,-5.95531646148853,-40.500334789288935,0.09623678877487944,-1.161461222688195,1.1654414147961525,3.066999912261963,0.16137072830701,0.11713190433122468,1.605843324531352,1.605843324531352,0.5415459341576718,42.59287642704229
32.011669433593745,-6.039946787121219,-40.65286518114697,-5.960553104076791,-40.72470258365642,0.08629785572675237,-1.15246822593437,1.1556947398389201,3.062000036239624,0.1418078121967573,0.10706992718155832,1.5155029976861052,1.5155029976861052,0.22442889647932743,42.817305323521616
32.59231323242187,-6.058675304483604,-41.24219829242992,-5.9514574323096125,-41.35190966388271,0.07067433791539225,-1.136481361699461,1.138676752871525,3.062000036239624,0.2120812266582492,0.1534022722764243,1.6106280614112736,1.6106280614112736,0.6272730288565556,43.44457835237817
32.79021801757812,-6.049311046100248,-41.45346865275823,-5.964761662505589,-41.54672370918449,0.06029563309388177,-1.1250340079446244,1.126648606443969,3.056999921798706,0.16650827585211309,0.1258773363846783,1.5101008353060235,1.5101008353060235,0.195267802742676,43.63984615512085
33.37293798828125,-6.049311046100248,-42.04280176404118,-5.963130198660493,-42.157653341641804,0.04761435199422198,-1.1081339056183965,1.109156381804167,3.0220000743865967,0.19941230082334344,0.1435897745063581,1.598907140594436,1.598907140594436,0.610931810833833,44.25077796595468
33.78614624023437,-6.039946787121219,-42.45422299297963,-5.970186197309757,-42.57085336083772,0.037562007813521384,-1.0913277317772667,1.091973956913395,3.0199999809265137,0.18797562759429254,0.1359013708450197,1.5895262649419426,1.5895262649419426,0.41326026058700666,44.66403822654169
33.83316357421875,-6.030582528737863,-42.50982045581442,-5.982268285463594,-42.59713733082563,0.03234699857487568,-1.0819028028326452,1.082386254113538,3.0220000743865967,0.12839543833480635,0.09979229812409784,1.4263513944907749,1.4263513944907749,0.028927909231099013,44.69296613577279
34.57500122070312,-6.077403821845987,-43.26594595772371,-5.991928733508392,-43.36193637479935,0.019247972674022375,-1.0671923066639684,1.0673658715992476,3.0199999809265137,0.17914100077125927,0.1285307391119922,1.6051984566655666,1.6051984566655666,0.7648600538134659,45.45782618958626
34.79205859375,-6.086768080229344,-43.499455302903,-6.012685657574653,-43.569875975524994,0.00948356812804982,-1.057910537639139,1.057953044190701,3.01200008392334,0.13661465101000303,0.10221191945620701,1.511481390352784,1.511481390352784,0.2089730304288884,45.66679922001514
35.216444580078125,-6.114860855975085,-43.95535450225074,-6.036279571928206,-44.00232860683867,-0.001359464006209541,-1.0514288196104407,1.0514296984819236,3.013000011444092,0.12372800843523078,0.09155099510269445,1.536519185347422,1.536519185347422,0.43309577592565174,46.099894995940794
35.791671386718754,-6.208503441595663,-44.5780460915175,-6.0870152832289905,-44.59866183292914,-0.020698245645173575,-1.0481471555631368,1.0483515045479175,3.0,0.1738927587255482,0.12322492206236997,1.6193722280967926,1.6193722280967926,0.5984876180345478,46.69838261397534
35.83593896484375,-6.21786770057469,-44.6447630474851,-6.118035094416895,-44.6449917930327,-0.03236412964571251,-1.0481204256286327,1.048619980501836,3.0,0.12993649722243855,0.09983286821875348,1.4439930526325677,1.4439930526325677,0.055755662397024335,46.754138276372366
36.417523925781246,-6.320874544578625,-45.278574129884674,-6.18605003325734,-45.260981694822185,-0.051736234218079005,-1.050648174391623,1.051921206309445,3.003000020980835,0.18557688929569732,0.13596743221981947,1.5526573624002147,1.5526573624002147,0.6197334838558317,47.3738717602282
36.79656958007812,-6.414517130794874,-45.6788758656903,-6.261019441787329,-45.664433842118264,-0.07343519137758747,-1.052689748130045,1.0552480434242748,3.002000093460083,0.20977908919632715,0.1541755900767443,1.545541478511096,1.545541478511096,0.4103584376775424,47.78423019790574
37.213150634765626,-6.498795458032095,-46.12365557190523,-6.347204867594898,-46.10851649215971,-0.09495500980920435,-1.0548388937096347,1.0591041240456163,3.003000020980835,0.20821493605019026,0.15234467120526227,1.5555707212803258,1.5555707212803258,0.4523685750463488,48.23659877295209
37.70732495117187,-6.592438044248344,-46.67963020520438,-6.449739475772767,-46.643766881664334,-0.11609678413312989,-1.06015229174081,1.0664901991904783,3.013000011444092,0.20447583718807535,0.14713619344103335,1.5955324120517909,1.5955324120517909,0.5449828670142232,48.78158163996632
37.79865112304688,-6.639259336760798,-46.80194462400677,-6.501693759222032,-46.75476770637115,-0.1318195503969638,-1.065544277601692,1.0736670812670792,3.013000011444092,0.18914590912041176,0.14543022272269496,1.448502695990826,1.448502695990826,0.12255786655420933,48.90413950652053
38.348668457031245,-6.751630439743759,-47.35791925730592,-6.620405670484908,-47.34528462812588,-0.14950050626175646,-1.0672466415849704,1.0776668294732468,3.01200008392334,0.17825417633273494,0.1318316119963486,1.537091376760123,1.537091376760123,0.6023310989434063,49.50647060546394
38.798517578125,-6.920187094218202,-47.84717693534479,-6.750113308825136,-47.831237803880214,-0.17327775437219853,-1.0694750195952691,1.0834214312531267,3.013000011444092,0.2335476973190322,0.17081905160072725,1.5615082898732666,1.5615082898732666,0.5029657647092098,50.00943637017315
39.06718261718751,-7.013829679838781,-48.13628374477352,-6.850495903771706,-48.122959531739156,-0.19370052871370375,-1.0711410399532826,1.0885141350924976,3.013000011444092,0.21788407890789865,0.1638763468512605,1.5000797728656206,1.5000797728656206,0.30850969494201264,50.31794606511516
39.570368896484375,-7.13556504180077,-48.62554142139774,-6.997928725101429,-48.65224789758894,-0.21250953291800667,-1.067491405648844,1.0884384239428404,3.01200008392334,0.19110067857651514,0.14020339348643635,1.5544300152277721,1.5544300152277721,0.5494384506286214,50.86738451574378
39.79598974609375,-7.210479110654636,-48.870170260417176,-7.085350525518498,-48.88759812202923,-0.22734848949709138,-1.0654246414362842,1.0894113099542542,3.013000011444092,0.16619269468961312,0.1263364285490954,1.4755076775050526,1.4755076775050526,0.2510623415254791,51.11844685726926
40.36784716796876,-7.3415787304043105,-49.403905908158016,-7.249352654682653,-49.47183346210525,-0.24010152220129827,-1.0560316112089072,1.0829826890748815,3.013000011444092,0.15675764656727698,0.11454170257278144,1.5635904833563092,1.5635904833563092,0.6068176257856386,51.7252644830549
40.79405078125,-7.388400024108106,-49.87092459993126,-7.361617409217397,-49.90812265522711,-0.24381356564714676,-1.0508759982143303,1.0787888664685694,3.013000011444092,0.0628357394221048,0.04583670775892811,1.5671402307676852,1.5671402307676852,0.4505015373399613,52.17576602039486
41.04940087890624,-7.425857058237203,-50.16003140935999,-7.424364141714521,-50.17241006310017,-0.24399607436716989,-1.0493627104883223,1.0773561075475406,3.013000011444092,0.01655161169032576,0.012468354669446478,1.4965193876367464,1.4965193876367464,0.27163391982469404,52.447399940219555
41.6494345703125,-7.613142230074029,-50.804961983477725,-7.582555649932619,-50.80286937088548,-0.24839240045825026,-1.0496634896959114,1.0786529683851107,3.0160000324249268,0.042471274373524645,0.030658080700006512,1.5906233654302495,1.5906233654302495,0.6500026861832549,53.09740262640281
41.79875830078125,-7.566320936370235,-50.97175437410406,-7.606995944927995,-50.9624903119242,-0.24365645261399044,-1.050742140121946,1.0786229702395926,3.0160000324249268,0.05469120661135732,0.04171665338022883,1.4689898514177755,1.4689898514177755,0.16148118415947638,53.25888381056229
42.329498046875,-7.603777971095001,-51.51660951427039,-7.701653727569365,-51.519232175293844,-0.23053483873982822,-1.0503905357358125,1.0753913657065346,3.0160000324249268,0.13258371061641797,0.09791088834380463,1.5423425992146402,1.5423425992146402,0.5647314390423869,53.82361524960468
42.796757324218746,-7.547592419603522,-52.02810617645292,-7.7379450820578555,-52.014967189128136,-0.20354288769937268,-1.0522536402388918,1.071759035664733,3.00600004196167,0.2624037200843154,0.19080557929833836,1.570199594770113,1.570199594770113,0.49706163234743306,54.32067688195211
42.990264648437496,-7.538228161220165,-52.25049602991405,-7.7199314771472265,-52.226246482989815,-0.18183254932371196,-1.0551510329831881,1.0707038705445353,3.00600004196167,0.2412238699940865,0.18331430807473875,1.4728346123958769,1.4728346123958769,0.21204582046474305,54.532722702416855
43.61186083984375,-7.575685195349261,-52.8731876191808,-7.761494891053786,-52.879641978940384,-0.15470796302154055,-1.054208822526084,1.0655002558958429,3.00600004196167,0.25742787000111716,0.1859217625177708,1.5842830265491528,1.5842830265491528,0.6547161152011292,55.18743881761799
43.80428662109375,-7.528863902241137,-53.08445797950911,-7.72741247128431,-53.08297564615957,-0.13039818410359613,-1.0543903156296792,1.062422996791377,3.00600004196167,0.2624081023237925,0.19855410240347815,1.4828404200008158,1.4828404200008158,0.20617029747794535,55.393609115095934
44.812426757812496,-7.613142230074029,-54.0296148561884,-7.773991763603024,-54.105764599143605,-0.0969776865227639,-1.0385683095325546,1.043086192626772,3.006999969482422,0.2718763921005618,0.1779644790081399,1.7672908076328795,1.7672908076328795,1.0238490478674551,56.41745816296339
45.39420727539062,-7.566320936370235,-54.56335050392924,-7.7370342592025985,-54.65813689328898,-0.06045606837394888,-1.0182901481069184,1.0200832132403932,3.006999969482422,0.3020679231725069,0.19526263902836877,1.7880410648115737,1.7880410648115737,0.553607269163742,56.97106543212713
45.79717797851562,-7.510135384878752,-54.90805477619276,-7.679403620642864,-55.01612791674202,-0.028719760783559353,-0.9980273834172078,0.9984405253744777,3.006999969482422,0.29810677085323367,0.20082713797411642,1.7177440981834313,1.7177440981834313,0.3626001425451415,57.333665574672274
46.014368408203126,-7.500771127091067,-55.09708615237741,-7.634116570902638,-55.19504037947946,-0.008799034334048553,-0.9833938173432842,0.9834331817638697,3.00600004196167,0.22938969904728093,0.16545705785026188,1.586950387594125,1.586950387594125,0.18455510341615664,57.51822067808843
46.79762695312499,-7.49140686811204,-55.81985317559557,-7.590328065514408,-55.916021796681704,0.010708498045094834,-0.964429100589355,0.9644885494364224,3.0,0.2086458576351116,0.13796306381465673,1.7461165347598404,1.7461165347598404,0.7223099315080019,58.24053060959643
47.35661401367187,-7.472678350749656,-56.34246933020359,-7.546113495429707,-56.416556892686685,0.025245275175337242,-0.9497631747764221,0.9500986328166497,3.0,0.15861950208173553,0.10431532672079542,1.7553332326031064,1.7553332326031064,0.5024841395909829,58.74301474918742
47.79120874023437,-7.538228161220165,-56.79836852955133,-7.536137572185056,-56.81933480318654,0.024870527974408047,-0.946004878800141,0.946331746204995,3.0,0.031103911880153604,0.021070244247759107,1.7038980413938207,1.7038980413938207,0.4029014324015418,59.14591618158896
48.01461596679688,-7.575685195349261,-57.02075838301246,-7.543043102742351,-57.02793811861474,0.02018022639014835,-0.9449732315440824,0.945188684798979,3.0,0.04618204301409681,0.033422369950031304,1.5769011045744155,1.5769011045744155,0.2087175832552555,59.354633764844216
48.7779619140625,-7.603777971095001,-57.79912286977273,-7.552694493237649,-57.7656819894835,0.010707421181557628,-0.9511744331511527,0.9512346982468501,3.003000020980835,0.09100304131418831,0.06105582842384066,1.7226838682992949,1.7226838682992949,0.7378069993859552,60.09244076423017
48.799946533203126,-7.650599264203127,-57.86583982574034,-7.577064006164089,-57.80646127248758,0.0013895106301307567,-0.9586984979689926,0.9586995049272707,3.003000020980835,0.1261408776862101,0.09451585454969066,1.5036364221086949,1.5036364221086949,0.047506032065403686,60.139946796295575
49.20751245117187,-7.66932778156551,-58.27726105467879,-7.600256371733353,-58.21768622412729,-0.007940664555460747,-0.9667458739679494,0.9667784849631463,3.003000020980835,0.12258932408565132,0.09121414414136322,1.519225084615388,1.519225084615388,0.4118784367647573,60.551825233060335
49.79828588867187,-7.69742055671558,-58.96666959920582,-7.631768922181938,-58.84040026821283,-0.01854095533936427,-0.9871336622556699,0.9873077707499254,3.003000020980835,0.2004591649026536,0.1423168333906995,1.6172925960312874,1.6172925960312874,0.62351088325477,61.1753361163151
49.867349365234375,-7.706784815694607,-59.07786452629005,-7.650340677051893,-58.94827420480031,-0.02539020782034531,-1.0028588881572131,1.0031802491123327,3.003000020980835,0.18465048200799075,0.14134918539182034,1.4542215058370902,1.4542215058370902,0.10946093492122913,61.28479705123633
50.58828027343751,-7.688056298332223,-59.778392563242576,-7.674367189109053,-59.70284456734356,-0.027693707211882204,-1.0155715314525608,1.0159490523230175,3.003000020980835,0.10887080239190709,0.07677819609551584,1.6304298489130384,1.6304298489130384,0.7549527834972739,62.039749834733605
50.7933203125,-7.69742055671558,-60.03414089539483,-7.684531398196372,-59.942849929934944,-0.029500709730947598,-1.0283701175129383,1.028793171861188,3.002000093460083,0.12428402045221672,0.09219637076333811,1.5253587876386114,1.5253587876386114,0.24022049292054962,62.279970327654155
51.207613037109375,-7.66932778156551,-60.46780110918426,-7.689488546487091,-60.39509521425167,-0.026590685051303638,-1.0388645580479285,1.0392048087358023,3.003000020980835,0.10263695262722282,0.07544934459736528,1.5455710012795065,1.5455710012795065,0.4522724516327421,62.7322427792869
51.798265625,-7.659963522586484,-61.090492698451015,-7.691744520821058,-61.03302421356542,-0.0213283168106125,-1.0483803173538646,1.048597247236976,3.003000020980835,0.0934630719403514,0.0656708352606549,1.637559388880361,1.637559388880361,0.6379329883190229,63.37017576760592
51.8294326171875,-7.659963522586484,-61.146090161285805,-7.684827928798963,-61.08448340574023,-0.01836077705161671,-1.0557330164266654,1.055892665050423,3.002000093460083,0.08669171064377651,0.06643516407108152,1.451124312610857,1.451124312610857,0.05192193856631511,63.42209770617224
52.36928393554688,-7.66932778156551,-61.624228346191856,-7.688039140787968,-61.64646052081854,-0.01570619989954824,-1.0525789418293499,1.0526961164067619,3.002000093460083,0.03946459944081821,0.029058295761853693,1.541541069289827,1.541541069289827,0.561986289649652,63.98408399582189
52.796701660156245,-7.641235005224099,-62.09124703796509,-7.6803038913920805,-62.09497335855898,-0.010032152975031017,-1.0520377613663436,1.0520855932071411,3.002000093460083,0.053760115969015365,0.039246188752223105,1.5598149317549195,1.5598149317549195,0.4485795355354466,64.43266353135733
53.12937744140625,-7.622506487861714,-62.44707080336143,-7.6677812886883725,-62.445508224321166,-0.003870275003438931,-1.0522504275999047,1.052257545191663,3.002000093460083,0.061171257787603905,0.04530175761657209,1.529039202854299,1.529039202854299,0.35075847487037015,64.78342200622771
53.80018090820312,-7.538228161220165,-63.15871833344677,-7.630311738992032,-63.15359195591649,0.011398200689608598,-1.053100437695173,1.0531621199287056,3.0,0.1323539449189925,0.09222616245865572,1.651868188911641,1.651868188911641,0.7090744235300017,65.49249642975771
53.99137915039062,-7.510135384878752,-63.3699886944824,-7.597488080119447,-63.358850364383734,0.02307535902082794,-1.054589390540293,1.0548418150765957,3.0,0.11895241357758672,0.08805995550305869,1.5288358515980005,1.5288358515980005,0.20786631961020055,65.70036274936791
54.61259765625,-7.463314092366299,-63.92596332778155,-7.547867874502587,-63.988064996122404,0.03652016296622467,-1.0447146725273366,1.0453527965701244,3.0,0.1486892681894889,0.10490929074332701,1.6278680877962033,1.6278680877962033,0.6311681373449464,66.33153088671286
54.79568579101562,-7.425857058237203,-63.95932180576536,-7.512007293118539,-64.12368082699803,0.04766387881004374,-1.0234544840727386,1.0245637736675126,3.0,0.2484102691866172,0.18556872266270583,1.5088981088300277,1.5088981088300277,0.14027699341405658,66.47180788012692
55.39258837890625,-7.322850213637597,-64.27066760004507,-7.437644062357903,-64.60204638189803,0.06527234323091526,-0.9726236115552858,0.9748113502343424,3.0,0.4909627941454529,0.3506986238444249,1.6035050695496786,1.6035050695496786,0.48411103499502345,66.95591891512194
55.79176831054687,-6.995101162476397,-64.43745998996408,-7.295139871780451,-64.83572613103429,0.10971972626154933,-0.9136249318137954,0.9201896186996851,3.0,0.6921646666072929,0.4986372892231374,1.5863088510136636,1.5863088510136636,0.27370361614074273,67.22962253126268
55.9708935546875,-6.798451732851884,-64.43745998996408,-7.159671153151599,-64.86295580340104,0.15393820266429165,-0.8615380961438959,0.8751827588262702,3.0,0.737099330603275,0.5581452829273367,1.478185743230603,1.478185743230603,0.13817825004009587,67.36780078130278
56.79740551757812,-6.105496597591728,-63.870365864239446,-6.741614832494298,-65.0401966945515,0.2663735406504805,-0.6547678487653626,0.7068774992426156,3.0,1.94038493696984,1.3315970037230276,1.6803909166343132,1.6803909166343132,0.45407644812006076,67.82187722942284
57.79253540039063,-5.674740703022264,-62.780655583199454,-6.153103957934291,-64.51746854812484,0.39092855705936447,-0.20254087454840036,0.440281662787979,3.0,3.019519898265245,1.8014856865329052,1.9053819649349955,1.9053819649349955,0.787140244519383,68.60901747394222
58.79248730468751,-5.365720169223448,-61.991171604721,-5.578153521333153,-63.45329534162587,0.46005683795070873,0.2732511768356237,0.5350873758436635,3.0,2.757479706366443,1.477475465484693,2.0439524888776868,2.0439524888776868,1.2095588526310495,69.81857632657326
59.79949877929688,-5.103520929128426,-61.435196970714536,-5.109239947275749,-62.31341615559207,0.4621191133419401,0.5899366229078702,0.7493859445998994,3.0,1.742968256201838,0.8782378059816912,2.1130846347428864,2.1130846347428864,1.2325601399884534,71.05113646656172
60.8026845703125,-4.897507239929216,-61.02377574248341,-4.773753263861742,-61.366660733832234,0.4158883387789636,0.7180281739012115,0.8297756135535886,3.0,0.7418838344662442,0.3645341738229664,2.139564003472729,2.139564003472729,1.0044387205697423,72.05557518713145
61.795425537109374,-4.71022206868806,-60.70131045507088,-4.539524927214106,-60.67811728521553,0.35176269363598356,0.7093152161618913,0.7917481092575046,3.0,0.3525481081448209,0.17226560084740758,2.145304062590922,2.145304062590922,0.7272929219521559,72.78286810908361
62.79513427734374,-4.551029672001302,-60.49004009474257,-4.374363035085187,-60.23657713818155,0.28486984105654506,0.6133442932782742,0.6762706916912834,3.0,0.6351083037259886,0.30895723158376154,2.1498430956756147,2.1498430956756147,0.4714192953776814,73.2542874044613
62.98967358398438,-4.532301155234589,-60.45668161605144,-4.398225804334497,-60.24338416096949,0.2559414772728796,0.5673228110795178,0.6223834925187124,3.0,0.40091106671802423,0.2519365080003675,1.8287455663702015,1.8287455663702015,0.024814659286021383,73.27910206374732
63.76891186523438,-4.522936896851233,-60.40108415321666,-4.32895556360283,-60.042158102184175,0.20606697954696288,0.47503941341326744,0.5178088878685163,3.0,0.681769141039505,0.40799101431110085,1.9010868534960579,1.9010868534960579,0.212815161549394,73.49191722529672
63.78727197265625,-4.504208379488849,-60.31212821169074,-4.376985691076369,-60.11409046712534,0.18616989340761173,0.44406715436395966,0.4815131013755558,3.0,0.3312448296247709,0.23538173403951967,1.6138844055258448,1.6138844055258448,0.08649368919842033,73.57841091449514
64.54872412109376,-4.448022827997368,-60.22317227087215,-4.309353831986702,-59.93174267206549,0.15584554204018103,0.38033687717638387,0.4110279468771942,3.0,0.4952636251482455,0.32273875118308304,1.77063440226415,1.77063440226415,0.19448595508959662,73.77289686958473
64.79195581054688,-4.457387086380725,-60.000782417411024,-4.326945716288389,-59.88745130489264,0.13304386827700931,0.36052614494448426,0.3842912594304501,3.0,0.2463167353413084,0.17279725720108985,1.6389869764223146,1.6389869764223146,0.0476571043950826,73.82055397397981
65.03007421875,-4.466751345359752,-59.87846799790131,-4.340970183658486,-59.82208946409928,0.11416072229531293,0.3520622059124509,0.3701087236839042,3.0,0.1879243332449074,0.1378384551298615,1.5487716553525857,1.5487716553525857,0.06684950199449588,73.88740347597431
65.7937841796875,-4.569758189363687,-59.34473235016047,-4.359059668814716,-59.48375407607228,0.07137635236315393,0.38029191030012705,0.38693219136741386,3.0,0.3785562360860769,0.2524300038367539,1.7316446021130123,1.7316446021130123,0.33881863033870596,74.22622210631302
65.87084497070313,-4.58848670672607,-59.22241793065075,-4.415073904264156,-59.39369244121613,0.04635655842054623,0.4050031940181092,0.407647540987883,3.0,0.33019545540275813,0.2437354262865911,1.5351237743657717,1.5351237743657717,0.1060598540728182,74.33228196038584
66.43098071289063,-4.597850965705097,-58.81099670241963,-4.450254245278597,-59.062601110059404,0.021447717996141338,0.44746466620980935,0.4479783835337349,3.0,0.4125469993859126,0.29170116527779,1.6236797719807075,1.6236797719807075,0.3329551410641173,74.66523710144996
66.79546801757813,-4.728950585454773,-58.04375170808485,-4.52338766953562,-58.657723373604085,-0.0110909557402664,0.5446505988883795,0.5447635121488067,3.0,0.9024441292346242,0.6474699363380904,1.5946273390516328,1.5946273390516328,0.4114297986543275,75.07666690010429
67.11345825195313,-4.822593171671022,-57.54337453762049,-4.605885879776714,-58.23316118067731,-0.042402749853887034,0.6443170990828196,0.6457108620471482,3.0,0.9865085490518514,0.7230267376105542,1.5504085275100046,1.5504085275100046,0.4325031911509773,75.50917009125526
67.63494018554688,-4.897507239929216,-56.59821766164852,-4.705290188851201,-57.52463963603349,-0.07230110077635016,0.7884171627197396,0.7917253764055541,3.0,1.3266085053437684,0.9461527727320141,1.6065784314197677,1.6065784314197677,0.715460687869735,76.224630779125
67.8012666015625,-5.047335377636946,-56.14231846230078,-4.798476025992016,-57.0858062848006,-0.10357597685724462,0.9069880122276004,0.9128829263966471,3.0,1.2939786628886254,0.9757562442057875,1.4877264466535878,1.4877264466535878,0.4486182234349459,76.67324900255994
68.173115234375,-5.187799256365648,-55.57522433728346,-4.923533305008471,-56.45909208092967,-0.1367355190122872,1.017893899098005,1.0270368016680314,3.0,1.2246410953930114,0.9225284176137678,1.4900516247313687,1.4900516247313687,0.6390696490747837,77.31231865163473
68.75557885742188,-5.328263135094351,-54.79685984981586,-5.0934619853035725,-55.56921979058448,-0.17092503090331385,1.1303576131922128,1.1432076363858383,3.0,1.1176681735648388,0.8072617035677911,1.5809939028735276,1.5809939028735276,0.9059516816646673,78.21827033329939
68.79272290039063,-5.412541462331572,-54.696784416571774,-5.169295563932406,-55.34271855884255,-0.1972708672058362,1.200318403020414,1.2164210059340554,3.0,0.8873818366347874,0.6902169827228969,1.4141020042711796,1.4141020042711796,0.2388588278215102,78.4571291611209
69.374826171875,-5.506184048547821,-54.007375871337416,-5.341437335571618,-54.479702862031566,-0.21953909838954577,1.264161173738409,1.2830825729115671,3.0,0.6742486069772701,0.5002342107199935,1.524066142826016,1.524066142826016,0.8800164103499623,79.33714557147087
69.7969462890625,-5.646647926680853,-53.57371565684066,-5.490212078577997,-53.847785008556755,-0.24132229241463307,1.3023244587984695,1.3244944110116057,3.0,0.4287472307322026,0.31557278735933403,1.5413269579522217,1.5413269579522217,0.6491949612380138,79.98634053270888
70.07519213867188,-5.712197737151361,-53.26236986256095,-5.595570620759641,-53.43037391769722,-0.25610274019542,1.3236160352407924,1.348164686632222,3.0,0.2715249289377875,0.20451710642407628,1.4903187074448674,1.4903187074448674,0.43050254492069023,80.41684307762957
70.6354921875,-5.768383288642842,-52.6952757368363,-5.747136957373606,-52.69054797246648,-0.2591896455733711,1.322929132590451,1.3480803990226151,3.0,0.030035379685764613,0.021765990635361016,1.5741329287967432,1.5741329287967432,0.7551918853054019,81.17203496293497
70.79676660156251,-5.899482908988188,-52.57296131732658,-5.815193727558996,-52.49993963384474,-0.2692298076848101,1.3142311060183964,1.341524539235991,3.0,0.1462592394343697,0.11152054682669613,1.4620638333509481,1.4620638333509481,0.20239383073653222,81.3744287936715
71.338453125,-6.021218270354507,-52.05034516201123,-5.976953614716541,-51.85742909595714,-0.2753186526059455,1.2876944484511028,1.3167981443807335,3.0,0.26912313508580615,0.19792920017151588,1.5430046563657087,1.5430046563657087,0.6625602254813052,82.0369890191528
71.77766455078125,-6.077403821845987,-51.59444596266349,-6.0923471113196115,-51.37358585589078,-0.27321852142219,1.2566547501102752,1.2860130331465718,3.0,0.30327878356411925,0.22136505745927046,1.5591165471225046,1.5591165471225046,0.49741324873408094,82.53440226788688
71.79465356445313,-6.171046407466566,-51.605565455088986,-6.112898317530585,-51.40665816612555,-0.2792645184886143,1.2359731957051803,1.2671299900911324,3.0,0.2639319406426784,0.20723250219496334,1.3904797165091096,1.3904797165091096,0.03893751123262715,82.57333977911951
72.42763525390626,-6.274053252066171,-50.993993358955045,-6.2856149363369616,-50.72026096204689,-0.2776775983789928,1.1984015551782132,1.2301508590799282,3.0,0.370013201367708,0.2739764545727593,1.5283800675943746,1.5283800675943746,0.707793862772847,83.28113364189235
72.79605664062501,-6.433245647561587,-50.62705010113322,-6.3995875789559715,-50.36841935151891,-0.28225142185912644,1.1632560033305608,1.1970089366525583,3.0,0.3512430215477606,0.260811675789872,1.522218162289651,1.522218162289651,0.3698408876320818,83.65097452952443
72.98683276367188,-6.498795458032095,-50.4268992332304,-6.463876710870042,-50.21104742760718,-0.2863437567475194,1.1379590512155522,1.1734323795053903,3.0,0.2840467265676672,0.21865799984032933,1.4393877448299361,1.4393877448299361,0.16999710267514803,83.82097163219959
73.64683081054687,-6.5643452679069325,-49.73749068799604,-6.628219190105717,-49.53725256315532,-0.2767194583511167,1.1077878734099105,1.1418264452639846,3.0,0.29127018535273186,0.21017893466469323,1.5829246347061452,1.5829246347061452,0.6935473811089075,84.5145190133085
73.79379443359376,-6.704809147231306,-49.61517626848633,-6.677436279738249,-49.4317406701732,-0.2800636391893429,1.0853772942814024,1.1209279695580783,3.0,0.2433936876323457,0.18546668866211286,1.4635484838525679,1.4635484838525679,0.1164262920158821,84.63094530532439
74.34770336914063,-6.826544508001954,-49.048082142761686,-6.830947442680895,-48.889015817830675,-0.27942990746877466,1.0624822519667536,1.0986125836400893,3.0,0.21762497586503574,0.15912724958612537,1.5553795326628699,1.5553795326628699,0.564017679242608,85.194962984567
74.7921123046875,-7.051286713967878,-48.58106345098845,-6.98162341313554,-48.462088556321675,-0.28968922268692565,1.0449608176842975,1.0843721484049609,3.0,0.19030498064847384,0.13786950730247666,1.5747396903495745,1.5747396903495745,0.4527362749902237,85.64769925955723
74.88905688476564,-7.1262007834174135,-48.46986852461155,-7.03638508068759,-48.3857661207607,-0.3000224856058204,1.0352848676589876,1.0778813705936208,3.0,0.15959294670082969,0.12304501123712154,1.4356409336006568,1.4356409336006568,0.09393590582434627,85.74163516538158
75.80118432617188,-7.360307247766694,-47.55807012520874,-7.326036106343558,-47.47855794334538,-0.3063734205075619,1.0205501179558831,1.0655455016343836,3.0,0.12698678335317484,0.08658347532362173,1.6921951881485333,1.6921951881485333,0.9523257813546695,86.69396094673625
76.13188281250001,-7.435221316620559,-47.22448534537072,-7.429657795388802,-47.165497063337,-0.30728976287993537,1.0108344253128014,1.0565099307475858,3.0,0.08379199698001388,0.05925006485891401,1.6235824924907036,1.6235824924907036,0.32976441444190113,87.02372536117815
76.79720947265625,-7.659963522586484,-46.53507680013635,-7.642678020585647,-46.5069235919458,-0.3106417927030842,1.0053749140144035,1.0522723226918282,3.0,0.04941940074230251,0.03303621816796708,1.7273154310224716,1.7273154310224716,0.6921680674252251,87.71589342860338
76.93100610351563,-7.725513333056991,-46.39052339577565,-7.695346117532068,-46.37728221150193,-0.314987016047492,1.0034676812117522,1.0517434133451913,3.0,0.045073189829875446,0.03294525540192192,1.5561645859145647,1.5561645859145647,0.139931468795801,87.85582489739917
77.3930224609375,-7.734877590844676,-45.890146226018615,-7.811311615814458,-45.90710449693872,-0.30339095526061005,1.0060404770380578,1.0507918505455343,3.000999927520752,0.10857523288447632,0.0782926760666727,1.5848817719557071,1.5848817719557071,0.48426757073312576,88.3400924681323
77.79392041015626,-7.856612952806667,-45.42312753424538,-7.911850221232357,-45.48149831607217,-0.2951923118358939,1.0147042151311814,1.0567701477483202,3.000999927520752,0.11104728433677352,0.08036357380183076,1.5774875933511054,1.5774875933511054,0.4373198284678941,88.77741229660019
78.17371948242187,-7.884705728552408,-45.00058681288144,-7.986291840447235,-45.070272418602194,-0.280721652331859,1.0246307361280818,1.0623901314989252,3.000999927520752,0.16887397700754533,0.12319018538250959,1.5608662506090565,1.5608662506090565,0.41790943207987036,89.19532172868006
78.61444531250001,-7.865977211190023,-44.51132913554989,-8.0432245953423,-44.58930799761026,-0.25544948576018894,1.0357490654646992,1.0667851547458573,3.009000062942505,0.2666085832461466,0.19364229423618998,1.5741505404643275,1.5741505404643275,0.4843223232931198,89.67964405197317
78.79586352539063,-7.9502555390229155,-44.30005877451426,-8.056281368321955,-44.377189384094166,-0.24288737924671064,1.0448876210355256,1.0727462046498304,3.009000062942505,0.17227538358396713,0.13111295669275574,1.4708252273934117,1.4708252273934117,0.21252008262899177,89.89216413460217
79.15302905273438,-7.987712573152013,-43.92199602426694,-8.106014261952346,-43.98444916324484,-0.22895611412296704,1.0522421334328893,1.0768632269539562,3.009000062942505,0.17563457517771058,0.13377475150866036,1.468980013049452,1.468980013049452,0.3958765486633799,90.28804068326555
79.79454638671875,-8.100083676134975,-43.26594595772371,-8.210359561865346,-43.297317441252176,-0.2129998978125462,1.0567813867233407,1.0780333277747316,3.009000062942505,0.15887306042438581,0.11465138879400726,1.5875033255105921,1.5875033255105921,0.6950093128746817,90.98304999614024
80.01677490234376,-8.137540710264071,-43.02131711799695,-8.227949336483125,-43.052282666652246,-0.20181329121078515,1.0606128730040323,1.0796426588882067,3.009000062942505,0.12700576212433673,0.09556455879843746,1.497131899237147,1.497131899237147,0.24566530266674313,91.22871529880697
80.53475366210938,-8.146904968647428,-42.45422299297963,-8.282763321441063,-42.48986395774024,-0.18306866360399368,1.0655303226730943,1.081142453208448,3.009000062942505,0.1918590742424946,0.14045558156537188,1.5574974306225977,1.5574974306225977,0.5650835133687908,91.79379881217577
80.80092333984375,-8.146904968647428,-42.17623567597639,-8.285918979153914,-42.19884145346131,-0.1658829339838786,1.0683249818466036,1.0811269188326806,3.007999897003174,0.18701031703107623,0.14084003796078393,1.494604493485312,1.494604493485312,0.29103961272029494,92.08483842489606
81.23502319335938,-8.128176451880714,-41.70921698420316,-8.299328158663865,-41.7284846764007,-0.14384125247324941,1.0708063613364447,1.0804242543518123,3.009000062942505,0.2312035848284415,0.17223283861507016,1.519648783384052,1.519648783384052,0.47054787622725464,92.55538630112332
81.77562768554688,-8.062626642005878,-41.14212285847852,-8.290221130682136,-41.14753589835731,-0.1113922360940397,1.0715781191268454,1.077352261636582,3.013000011444092,0.31455167154785746,0.22765885064397756,1.583598504174242,1.583598504174242,0.581020155131268,93.13640645625459
81.79640625,-8.025169607281109,-41.164361844036826,-8.233926481259408,-41.133839342158545,-0.08947915166642419,1.0683741903274977,1.0721146996198117,3.01200008392334,0.27020880294132554,0.21097643364627472,1.4102132317855862,1.4102132317855862,0.05793688984864356,93.19434334610324
82.43867236328126,-7.912798504298148,-40.55278974719556,-8.191650605224957,-40.475356610453964,-0.050825104671782875,1.0576405286602404,1.0588610291863663,3.013000011444092,0.39292303266440193,0.2894034983495163,1.5465235740932406,1.5465235740932406,0.6598384329876573,93.8541817790909
82.79569116210938,-7.791063142336159,-40.25256344463401,-8.101706758733064,-40.13771938815034,-0.008774438029805279,1.042094517475394,1.0421314572140181,3.013000011444092,0.4464321973670803,0.33119271386576904,1.5308126075955593,1.5308126075955593,0.3494120624801985,94.20359384157109
83.01742968750001,-7.725513333056991,-40.0524125767312,-8.01482049725838,-39.94088995633086,0.02580689074203224,1.0287640477229183,1.0290876840663357,3.01200008392334,0.40526137564102854,0.3100579463893947,1.4598682671965952,1.4598682671965952,0.21515354438964443,94.41874738596074
83.79933398437501,-7.51949964385778,-39.27404809067825,-7.8510426091810315,-39.17806678051365,0.0818172207611723,1.0125491210911708,1.015849290119152,3.00600004196167,0.49465251542912275,0.34515670318892416,1.6525453441752305,1.6525453441752305,0.7802066355696552,95.1989540215304
84.20898291015625,-7.425857058237203,-38.873746354872615,-7.7024311832215995,-38.79573937693389,0.12646510061130548,0.9999563083011935,1.0079216438711787,3.00600004196167,0.4069499049690816,0.2873644640835355,1.6295123680468597,1.6295123680468597,0.4101945873042945,95.60914860883469
84.80800512695313,-7.276028919933802,-38.19545730277108,-7.5153040026567695,-38.196334866185495,0.16892959552629558,1.0001120507492778,1.0142787202236887,3.009000062942505,0.3506492166803909,0.23927669198989931,1.6958006315382188,1.6958006315382188,0.6279349880454684,96.23708359688015
85.32814282226563,-7.154293559163153,-37.70619962473221,-7.339943949821452,-37.68576794198879,0.20175440830667343,0.9964995285323168,1.0167183246289533,3.009000062942505,0.2747929756879899,0.18677130724848065,1.7029981707469741,1.7029981707469741,0.5398423216218662,96.77692591850202
85.80349462890625,-7.060650972946904,-37.31701738205939,-7.186515530982773,-37.24499610117993,0.2230664601797664,0.9843045047859792,1.0092640902157886,3.009000062942505,0.211289454678795,0.14501362649448815,1.6852365411392896,1.6852365411392896,0.46671200472815305,97.24363792323017
85.92733203124999,-7.032558197796835,-37.21694194740066,-7.126565564918173,-37.1471139167134,0.2350652302905988,0.9753919002405591,1.0033170094972281,3.009000062942505,0.15737211086805886,0.11710396638349717,1.5220857528519212,1.5220857528519212,0.11478205638115253,97.35841997961133
86.72876513671875,-6.83590876698098,-36.47193593933152,-6.905728325248074,-36.39920417015929,0.24741488470703635,0.9625271351709047,0.9938171920000706,3.0169999599456787,0.14767549652396908,0.10082004246941949,1.6994217017524533,1.6994217017524533,0.7798320815507327,98.13825206116206
86.79278515624999,-6.83590876698098,-36.4608164461987,-6.87635828132627,-36.368472586252935,0.25258985498146996,0.9507129826901978,0.9836954865685072,3.010999917984009,0.13453731032724403,0.10081444182483316,1.5074802385403026,1.5074802385403026,0.04250917229683324,98.1807612334589
87.16988134765627,-6.751630439743759,-36.13835115949349,-6.773686442083144,-36.04228548757985,0.25551527246443645,0.9379712268722254,0.9721512623572337,3.010999917984009,0.13172923794873032,0.09856510822503647,1.5107894957166925,1.5107894957166925,0.34196422314962815,98.52272545660853
87.79125268554687,-6.686080629868922,-35.53789855507772,-6.635689231154794,-35.48235398114656,0.2472895779832502,0.9289043482599179,0.9612572099055053,3.010999917984009,0.10591219072850369,0.07499661830749486,1.6267709714510306,1.6267709714510306,0.5766858088427889,99.09941126545131
87.97150439453125,-6.676716370889895,-35.34886718030772,-6.61267992808627,-35.3234701497711,0.23874626143042949,0.9255160452581195,0.9558136467833238,3.010999917984009,0.09208803893255306,0.06888886097926203,1.5112817208934166,1.5112817208934166,0.16054127164142395,99.25995253709273
88.59127954101562,-6.60180230203603,-34.75953406831744,-6.504681267203482,-34.75267937055899,0.2230169354576299,0.9244058864168997,0.9509273349436994,3.010999917984009,0.13743240131364196,0.09736263291584087,1.6258279763108874,1.6258279763108874,0.580918087501193,99.84087062459392
88.79376342773439,-6.6673521125065385,-34.53714421556364,-6.512509139662049,-34.558272317840704,0.20220501424185497,0.9272456433135244,0.9490370650445958,3.009999990463257,0.20975395353239604,0.15627777495584372,1.5198180532165262,1.5198180532165262,0.19456458499387003,100.03543520958779
89.19165307617187,-6.6673521125065385,-34.13684247975801,-6.492862945569634,-34.17576608474167,0.1784588946142412,0.9325427319322936,0.9494648618809874,3.009999990463257,0.24108152223132998,0.1787778409178801,1.5301759996847115,1.5301759996847115,0.3830104323669672,100.41844564195476
89.67203295898437,-6.620530819398414,-33.669823787984775,-6.465255718316457,-33.71200319393769,0.15610818225195863,0.9386141481702902,0.9515073744913647,3.013999938964844,0.22112905770580046,0.16090201770814633,1.5729542499820917,1.5729542499820917,0.464583876047663,100.88302951800243
89.79185180664064,-6.686080629868922,-33.52527038362408,-6.501664889176683,-33.58245078439255,0.1349297900250728,0.9451807728554682,0.9547631861419199,3.013000011444092,0.2507794685853126,0.1930770924970371,1.4452733445347552,1.4452733445347552,0.1345713734108453,101.01760089141328
90.47268432617189,-6.695444888252279,-32.846981330815204,-6.489816469683059,-32.91318078809397,0.10404862531567365,0.9551225715529578,0.9607732527084715,3.010999917984009,0.300082334102915,0.21602179211200243,1.593626790263845,1.593626790263845,0.6693748673127785,101.68697575872606
90.79498022460938,-6.864001542726721,-32.40220162389296,-6.564132705967348,-32.55161187999796,0.06248487552526405,0.9758317941850257,0.9778302767923348,3.009999990463257,0.45552600407114163,0.3350294671947247,1.5480935094644628,1.5480935094644628,0.3691273198737855,102.05610307859985
90.91538159179689,-6.920187094218202,-32.22428974154845,-6.638407336484605,-32.38691258444066,0.030894599459765172,0.9940634107597618,0.9945433831096109,3.009999990463257,0.41978281748340496,0.3253398544579926,1.4277066000340448,1.4277066000340448,0.18067257316910398,102.23677565176895
91.51638525390624,-6.957644128347299,-31.579359166723385,-6.709056213309691,-31.73398322799592,-0.0038486325794788306,1.0156740334596996,1.0156813251296033,3.009999990463257,0.3978207566939894,0.292753397635549,1.5468802076992827,1.5468802076992827,0.656740442110873,102.89351609387982
91.7984997558594,-7.13556504180077,-31.179057430917755,-6.815856641044513,-31.380753950361534,-0.044964506695669836,1.0416130725450277,1.042583138056183,3.003000020980835,0.503008621967116,0.37801448050287445,1.4969677684235176,1.4969677684235176,0.3690220236550278,103.26253811753486
92.2953740234375,-7.229207627421349,-30.611963305193115,-6.942830285198047,-30.795972795801987,-0.0852696930450508,1.0675108504609294,1.070910984351087,3.003000020980835,0.46476849160514394,0.3403989934958958,1.5534380448374765,1.5534380448374765,0.5984073069721201,103.86094542450698
92.75535864257812,-7.285393178912829,-30.089347149170443,-7.065705658941693,-30.245481410741522,-0.1170608226751654,1.0901051450752095,1.096372410964828,3.003000020980835,0.37214651845358154,0.2695190421239554,1.576994504041065,1.576994504041065,0.5640382278697332,104.42498365237671
92.78876928710936,-7.407128540874818,-29.97815222279354,-7.144036791055267,-30.15814595348727,-0.14536235199437084,1.10946758365413,1.1189497453222237,3.003000020980835,0.4089410177862025,0.31877109641898266,1.410119258475589,1.410119258475589,0.117316871557349,104.54230052393406
93.29514379882814,-7.547592419603522,-29.377699619085096,-7.298675814536958,-29.54264442866861,-0.17669714113240612,1.130231609526693,1.1439603886750909,3.003000020980835,0.3958145091523226,0.2986072110422067,1.4881918311546738,1.4881918311546738,0.6346300927607107,105.17693061669478
93.79615332031253,-7.8472486938276385,-28.721649552541862,-7.509472512474953,-28.908684041641443,-0.22384605719350534,1.1563390555632125,1.1778060403741781,3.003000020980835,0.5258647596692013,0.3861018632458844,1.548154314446292,1.548154314446292,0.6680875842142228,105.845018200909
93.97658544921876,-7.9502555390229155,-28.477020712815104,-7.643558562514954,-28.64785334159711,-0.25997192175893497,1.176461446337987,1.2048431162697915,3.003000020980835,0.45831697013083084,0.35106526808514577,1.452695069901757,1.452695069901757,0.2932775526714363,106.13829575358044
94.7988435058594,-8.3248258821009,-27.487385866433844,-8.000693183199425,-27.621276039360712,-0.31580210079224297,1.1995233353440693,1.240398000199837,3.0,0.5058179641069844,0.35069728385537924,1.6613417547537919,1.6613417547537919,1.0869250640032184,107.22522081758366
94.867669921875,-8.390375691975736,-27.365071446924127,-8.112386136535175,-27.49626342131552,-0.35097406491086736,1.2161220863605697,1.2657550012439385,3.0,0.4068633810199849,0.30739148829912694,1.4833619808072425,1.4833619808072425,0.16764089744264493,107.3928617150263
95.347431640625,-8.521475312321082,-26.83133579918329,-8.344244847867316,-26.89132836360124,-0.3763694314114443,1.2247184254008072,1.2812451640561249,3.0,0.2541216533026362,0.1871089129783492,1.5405617385198944,1.5405617385198944,0.6478463444925647,108.04070805951886
95.8063552246094,-8.605753639558303,-26.31983913629343,-8.541419642019877,-26.32667734801952,-0.38608931192116,1.2257515743332674,1.2851194025304569,3.003000020980835,0.089284118194034,0.06469640159147236,1.5758951821061906,1.5758951821061906,0.5980875093550885,108.63879556887395
96.568150390625,-8.91477417276145,-25.44139921558175,-8.861968428527257,-25.409080398411476,-0.39634105775429723,1.219477175514308,1.2822678408437722,3.003999948501587,0.0928955092809482,0.06191084369811577,1.7349060738328395,1.7349060738328395,0.9719751470389253,109.61077071591286
96.7931208496094,-9.102059344002605,-25.107814435743727,-8.994059912898999,-25.127077559027395,-0.4129616374549342,1.22244167516535,1.2903104135015449,3.003000020980835,0.15330782463416404,0.10970389709278457,1.6015333223325698,1.6015333223325698,0.3114061040895213,109.92217682000239
97.06715087890628,-9.223794705964597,-24.763110163480206,-9.13756658188756,-24.78454805875279,-0.4247275181917761,1.2253668892034144,1.2968876118867811,3.003000020980835,0.12011957618461723,0.08885309637577708,1.532102896834047,1.532102896834047,0.37137665866686187,110.29355347866925
97.78875732421876,-9.38298710205568,-23.97362618429444,-9.424964872644628,-23.923230822719955,-0.41736208981330425,1.2165245085558394,1.2861271297699755,3.003999948501587,0.0954121371843526,0.06558830453549905,1.6794993332860968,1.6794993332860968,0.9080006380049122,111.20155411667416
97.79624658203127,-9.411079877801422,-23.91802872145965,-9.42402178260685,-23.91505490049229,-0.41579134353285246,1.2161635788245952,1.285276737444626,3.003999948501587,0.017454033257333943,0.013279175845611627,1.469172683611063,1.469172683611063,0.008230135059169674,111.20978425173332
98.793333984375,-9.495358205634313,-22.72824300576093,-9.719729009785013,-22.71137192374294,-0.3671699309569752,1.2125075958525544,1.2668813788982343,3.003999948501587,0.34421286451986666,0.2250042025467293,1.7678291013825338,1.7678291013825338,1.2394738693177725,112.4492581210511
98.99267797851564,-9.514086722401029,-22.483614167448817,-9.712128406672976,-22.47370740953961,-0.3339572299756335,1.2108461769985255,1.2560556897705382,3.003999948501587,0.2791840633273711,0.19828931529848334,1.6170176945247585,1.6170176945247585,0.23778601825837467,112.68704413930948
99.41266723632812,-9.589000791254891,-22.016595475675583,-9.775781445693221,-21.980123486361745,-0.30242281669625126,1.2046885650787986,1.2420684759263916,3.003999948501587,0.26836041165529767,0.19030822072868941,1.620068005580368,1.620068005580368,0.49767137610693085,113.18471551541641
99.79757739257812,-9.47662968827193,-21.482859827934742,-9.773638326143011,-21.506850806411716,-0.25429240620683097,1.2085763161234022,1.235039003331018,3.003000020980835,0.4169108517823487,0.2979760024201919,1.603940667271651,1.603940667271651,0.473277532266733,113.65799304768315
100.15315673828124,-9.439172654142832,-21.06031910586348,-9.747096788631733,-21.072484932869013,-0.20763080212698756,1.2104198773758459,1.228098867981912,3.003999948501587,0.4252182888394911,0.3081643716386885,1.576111468279029,1.576111468279029,0.43517601647147075,114.09316906415462
100.71533886718753,-9.44853691193052,-20.404269039320244,-9.740003653319613,-20.395664041860666,-0.15969961626011545,1.2090048008883765,1.2195066937105228,3.0169999599456787,0.41546714798370826,0.29159373675930744,1.6473884194271897,1.6473884194271897,0.6768580582913151,114.77002712244594
100.79261230468752,-9.270615998477048,-20.21523766384292,-9.636463549101107,-20.281311485366174,-0.11486681804847793,1.2171018191747387,1.222510214324216,3.0160000324249268,0.4895216781315977,0.3717662978112864,1.4792301737253257,1.4792301737253257,0.15426295847806457,114.92429008092401
101.41266064453129,-9.111423602981631,-19.470231655773773,-9.540752399487117,-19.51085436426153,-0.050084939383186755,1.2232314228578116,1.2242563518396643,3.0179998874664307,0.598926082755825,0.4312463564527007,1.5968822152925808,1.5968822152925808,0.7763792885061329,115.70066936943014
101.79759960937498,-8.858588621269968,-18.936496006618285,-9.368018566958176,-19.01165581730671,0.02394632124024787,1.2341537794655806,1.2343860731837986,3.0199999809265137,0.7090365520463023,0.5149445277955774,1.5800705287418615,1.5800705287418615,0.5282387397587751,116.22890810918892
101.85242260742189,-8.783674552416104,-18.825301080241385,-9.23706068062928,-18.917602387845292,0.07399163239414917,1.2443421098345628,1.2465400306335461,3.0179998874664307,0.5949906088912245,0.46268619240423264,1.4231521544298538,1.4231521544298538,0.16123279934673895,116.39014090853566
102.5335075683594,-8.680667708412168,-18.11365355015604,-9.048533424911513,-18.081989473229235,0.12835000672427282,1.239663207536234,1.2462899310935416,3.0299999713897705,0.5078693763706307,0.36922594592363545,1.5831288342423302,1.5831288342423302,0.8566162905418121,117.24675719907746
102.79551269531252,-8.427832726104834,-17.646634858382804,-8.86735801730605,-17.729405539423208,0.18646265472296225,1.2506068859734114,1.2644310597460218,3.0299999713897705,0.5973915555489897,0.44725101145263596,1.5190150523405268,1.5190150523405268,0.3964088277260472,117.64316602680351
103.25336181640624,-8.23118329648032,-17.035062762248863,-8.636512279885466,-17.124659644680065,0.24328899335303572,1.2631681954027578,1.286383855683751,3.0360000133514404,0.5640991197331725,0.41511346175430014,1.5602575392014677,1.5602575392014677,0.6473077720018026,118.29047379880532
103.79554248046875,-7.809791659698542,-16.35677370944,-8.305349815833019,-16.415985981826125,0.31964022314447943,1.272291100069874,1.311828691395665,3.0360000133514404,0.6997563529143335,0.4990831386778473,1.62582219330239,1.62582219330239,0.7822320231364271,119.07270582194175
104.35639990234375,-7.547592419603522,-15.778560090582538,-7.949871942367467,-15.725606604356765,0.385799705548493,1.2635822917862345,1.3211667649911032,3.039999961853028,0.5834750975976076,0.40574978267233924,1.6777879144284051,1.6777879144284051,0.776523150561896,119.84922897250365
104.7941794433594,-7.238571886400376,-15.244824442841695,-7.619849327561877,-15.193939883405106,0.44551911303125064,1.2556122536682774,1.332309803175704,3.039999961853028,0.5472139218485924,0.38465793314023516,1.656900756307869,1.656900756307869,0.6257670720408737,120.47499604454453
105.056833984375,-7.098108007671674,-14.944598140280153,-7.395500239513864,-14.88548285072077,0.4851610755897023,1.2477322694439799,1.3387371233663392,3.039999961853028,0.41264216998187986,0.3032107468738018,1.5655170337929076,1.5655170337929076,0.38141611701709766,120.85641216156162
105.687384765625,-6.901458576855819,-14.32190655172072,-7.033902981667399,-14.164779318560106,0.5056738285920805,1.223396684046046,1.323784524557465,3.046999931335449,0.29189136897664264,0.20550057850673692,1.6576603196020594,1.6576603196020594,0.8063288151560383,121.66274097671766
105.79500708007814,-6.789087473872858,-14.143994668668892,-6.933044606860308,-14.060157943306958,0.5228500430387696,1.2133937231406613,1.3212480822551074,3.0369999408721924,0.22032742101944133,0.16659007370602516,1.4998527373216732,1.4998527373216732,0.14532048695413705,121.80806146367179
106.34802416992189,-6.545616750544549,-13.565781050518757,-6.617355101357972,-13.436840740592515,0.5328742883367541,1.1953764523107198,1.3087703656139853,3.0339999198913574,0.20215079250129417,0.14755336153847806,1.576754012172646,1.576754012172646,0.6987017955351679,122.50676325920696
106.79478979492188,-6.320874544578625,-12.954208953677494,-6.363185794302186,-12.916960598508107,0.5389631230228414,1.1900161975690884,1.3063765913607477,3.0280001163482666,0.07782001913841487,0.05637093059365265,1.5896980514475492,1.5896980514475492,0.5786859241271756,123.08544918333413
106.9858046875,-6.227231958958047,-12.698460622939889,-6.252274006382759,-12.691775297675695,0.5419796395851749,1.1892108962276284,1.306891152862929,3.0309998989105225,0.03415970108281882,0.025919060806857873,1.488707475944641,1.488707475944641,0.2510176177292493,123.33646680106338
107.42777099609376,-6.068039563462631,-12.231441931166652,-6.026715357040348,-12.182678566450505,0.5366755297141996,1.1829519437509657,1.2989980467337912,3.0280001163482666,0.08553901117118282,0.06391835241048827,1.5223280019430765,1.5223280019430765,0.5568268905479928,123.89329369161138
107.80010717773438,-5.899482908988188,-11.630989327458208,-5.845218739932212,-11.714139679437235,0.5297529088748199,1.1935596498934484,1.3058417906910103,3.0169999599456787,0.132824576685913,0.09929038763934585,1.515932934397304,1.515932934397304,0.5024636411376762,124.39575733274906
108.13014819335936,-5.768383288642842,-11.163970634270326,-5.69436743728403,-11.281971428243933,0.5207417733631748,1.2079257772223517,1.3153922144378256,3.0160000324249268,0.18443848666168022,0.1392929776793197,1.4921512383183455,1.4921512383183455,0.4577395688053745,124.85349690155444
108.79945385742188,-5.4780912722064095,-10.218813758298362,-5.383966558841385,-10.400065777115973,0.5064875019402879,1.235374630767891,1.3351704265623232,3.010999917984009,0.2869800035239748,0.20423456120722502,1.6168024786407211,1.6168024786407211,0.9349365127266115,125.78843341428104
108.8496435546875,-5.440634238077313,-10.10761883192146,-5.377468659467549,-10.284941905540778,0.4993960866898185,1.2552821749747256,1.3509736452686196,3.009999990463257,0.2446279568538341,0.1882375168740501,1.445160862995701,1.445160862995701,0.11530710517021242,125.90374051945126
109.31632812499998,-5.290806100369583,-9.618361154589916,-5.180673843625365,-9.679115262719916,0.48544470125324435,1.262978412248293,1.3530598759035282,3.009000062942505,0.1671960165955372,0.12577827964416638,1.4976227077800766,1.4976227077800766,0.6369883206888141,126.54072884014008
109.79253833007812,-5.12224944589514,-8.828877175404148,-4.995103099335211,-9.011994303201204,0.46785254288137146,1.2883147714907497,1.3706352367868804,3.00600004196167,0.30288813153052513,0.22293065275143537,1.5444626138744413,1.5444626138744413,0.6924499084883823,127.23317874862846
109.98984301757812,-5.047335377636946,-8.506411887991616,-4.936784202359767,-8.698686171977934,0.45473274078261294,1.311133168023,1.3877507160256468,3.00600004196167,0.2899831009293054,0.22179035740450267,1.4577119670507173,1.4577119670507173,0.3186896277493983,127.55186837637785
110.62974438476564,-4.841321688437735,-7.794764357198947,-4.700008936162511,-7.841689399175879,0.43382379256679665,1.3180763012995338,1.3876340364247695,3.013000011444092,0.20601957465635037,0.14890014613873212,1.5864880933378576,1.5864880933378576,0.8891040407488427,128.4409724171267
110.78950610351563,-4.831957429458708,-7.416701606951626,-4.678904435587942,-7.579757061598879,0.41519264631161856,1.337925047452142,1.4008670051618253,3.006999969482422,0.2940677677783582,0.22363430019347907,1.4716320796295768,1.4716320796295768,0.26278118161895353,128.70375359874564
111.23033276367188,-4.71022206868806,-6.771771032126561,-4.549934615653049,-6.934935551227893,0.3942480387715517,1.3592455984518181,1.4152667992240389,3.006999969482422,0.3058630903513054,0.2287241305459912,1.510103717585039,1.510103717585039,0.6575925749969794,129.36134617374262
111.78629199218751,-4.6540365171965785,-5.882211619696709,-4.421024872932525,-6.096304177600262,0.359630626407981,1.391052293710877,1.4367883181905707,3.006999969482422,0.4390296208487471,0.3164333258560546,1.5890047122698394,1.5890047122698394,0.8484811739813901,130.209827347724
111.93246020507812,-4.644672258217551,-5.637582780677275,-4.434207984215521,-5.8321828867123795,0.33441011919615815,1.4143717544647363,1.4533676711859407,3.006999969482422,0.3761916056561194,0.28664335314127815,1.4670922775933561,1.4670922775933561,0.26445009117673135,130.47427743890074
112.59236621093751,-4.485479862722135,-4.88145727947531,-4.290341126179482,-4.893923426587618,0.30482164715389204,1.41626196986657,1.4486939648745518,3.013999938964844,0.27250548978164185,0.19553652171215705,1.6018190092680247,1.6018190092680247,0.9492252037081461,131.4235026426089
112.7934912109375,-4.494844120509821,-4.458916558818693,-4.295007652983715,-4.571807915715961,0.27935199944805644,1.4306502500678877,1.4576685760538768,3.013000011444092,0.3052924298194534,0.22951921970810799,1.5010631338372136,1.5010631338372136,0.32214931137055575,131.74565195397946
113.09217089843752,-4.43865856901834,-4.03637583674743,-4.265686313189221,-4.118735135724366,0.25840023938164663,1.4406262561223337,1.463616990042663,3.013000011444092,0.2515154636754597,0.19157884907939768,1.4708313974885474,1.4708313974885474,0.4540205776577269,132.1996725316372
113.79776000976562,-4.429294310634984,-3.091218960775466,-4.18413611099514,-3.099032939085734,0.21947705645142962,1.4418668628311044,1.4584753095061278,3.013000011444092,0.34610806471290473,0.2452826963071041,1.6262158237523008,1.6262158237523008,1.0229579684950636,133.22263050013225
113.9373825683594,-4.43865856901834,-2.8910680928726507,-4.223333696859287,-2.8960876756253415,0.19242249444158105,1.44249754990169,1.4552750935268215,3.013999938964844,0.2852438802399761,0.21538337164536112,1.4915950824439648,1.4915950824439648,0.20669598616950752,133.42932648630176
114.57880737304689,-4.363744500760147,-2.23501802491477,-4.175812608368852,-2.0468377554208605,0.1628008600837996,1.4128367665967934,1.4221855888356156,3.013999938964844,0.3733661962356117,0.2659515181467736,1.616618547458947,1.616618547458947,0.8505784389570623,134.27990492525882
114.794458984375,-4.485479862722135,-1.868074767092942,-4.2282911763369615,-1.7741453439309898,0.1285867134657761,1.4003412128421604,1.4062325750970863,3.013999938964844,0.3670495699289208,0.2738042310485146,1.5191282681790261,1.5191282681790261,0.27769614937939724,134.55760107463823
115.13796582031252,-4.513572637872206,-1.4232950601706928,-4.266320962408988,-1.3255983739432797,0.0965040958842011,1.3876643910679536,1.3910159965868192,3.013999938964844,0.35423785651598344,0.2658534060703111,1.5055101453721522,1.5055101453721522,0.4501562494443899,135.0077573240826
115.79182250976562,-4.6634007749842645,-0.6004526037084457,-4.338499037487923,-0.47182206657428627,0.04434916980754641,1.3670159445341519,1.3677351503391355,3.006999969482422,0.4949320582190203,0.34943805475586687,1.6303587482780502,1.6303587482780502,0.8568218353582816,135.8645791594409
116.13841064453123,-4.691493551325676,-0.2112703603283083,-4.425369980122416,-0.05721643555536603,0.005208965589653218,1.3443584172474181,1.3443685087603388,3.00600004196167,0.4256339831008242,0.3074969380138996,1.583667071104269,1.583667071104269,0.4236087699125249,136.28818792935343
116.58846777343751,-4.672765033963292,0.1779118830518289,-4.493263317292457,0.4437868015662706,-0.02137114232431507,1.3049884092229789,1.3051633897449648,3.00600004196167,0.44632163232546995,0.32079641298312184,1.5941548632944824,1.5941548632944824,0.505582583598806,136.79377051295222
116.79524633789065,-4.766407620179541,0.5226161560226705,-4.564191031255678,0.6663550162215098,-0.0464833382694905,1.287138249444008,1.2879773188680232,3.00600004196167,0.32969636218733367,0.24809757912414998,1.4954563653193067,1.4954563653193067,0.23359655558862416,137.02736706854085
117.12730859375,-4.803864654308637,0.934037384253794,-4.633745973814845,1.0552150062444323,-0.06688140713478304,1.2726084548845702,1.2743647052802511,3.00600004196167,0.2753102320497553,0.20886450518040411,1.4767648081415934,1.4767648081415934,0.39503162136091885,137.42239868990177
117.767962890625,-4.766407620179541,1.5900874515043515,-4.7018990699950285,1.791505404584704,-0.07639133268812832,1.2429151857997345,1.2452605329012305,3.0,0.29446102157106513,0.21149596892136466,1.5924101754919717,1.5924101754919717,0.7394378913789997,138.16183658128077
117.79070458984376,-4.869414464183476,1.7457603489978712,-4.740565987908482,1.803284296375553,-0.09028806841872163,1.2367110371904633,1.2400024696779823,3.0,0.1815489568294398,0.14110611028689657,1.4159412484188545,1.4159412484188545,0.040421192866444494,138.2022577741472
118.79755224609374,-5.028606860274562,2.8910680935799737,-4.896162713094859,2.99681391495772,-0.11653599596084671,1.215754213378237,1.221326715380255,3.0,0.25226071714612147,0.16948047339151787,1.7185405820872808,1.7185405820872808,1.2036292167115328,139.40588699085873
119.79027807617187,-5.12224944589514,3.3914452626296887,-5.058480427850219,3.8606389507288084,-0.13504617043624195,1.0795617911685855,1.0879757024403711,3.0,0.8197471662029933,0.47350734378092546,1.949709020007165,1.949709020007165,0.8789429634215886,140.28482995428033
120.78863110351564,-5.056699635424631,3.2024138878596897,-5.127885459415076,4.10706328765424,-0.11031239491605606,0.7652380406702715,0.7731481639123202,3.0,1.7413751786358291,0.9074458430594295,2.076059066531729,2.076059066531729,0.25601174237846497,140.5408416966588
121.53224389648436,-5.019242601295535,2.913307077723637,-5.122982102730692,3.8723946184361497,-0.07823977335310507,0.4687217540729156,0.4752068443062831,3.0,1.7730790490326997,0.9646817065270755,2.0256744214967752,2.0256744214967752,0.23471989097510207,140.7755615876339
121.79420629882812,-5.047335377636946,2.857709614888848,-5.109213436309443,3.5897949327998053,-0.0655236354882468,0.3182758927916848,0.3249505973835725,3.0,1.141528380594334,0.7346957239877365,1.790959649884593,1.790959649884593,0.28293490151761114,141.0584964891515
121.99252416992186,-5.0660638944036585,2.846590121756032,-5.105783573997665,3.4170326746561837,-0.05933259036499967,0.22936189294768783,0.2369118701457727,3.0,0.8082768885953889,0.5718237133123224,1.6226085102655239,1.6226085102655239,0.1727963014487322,141.23129279060024
122.61223291015624,-5.0660638944036585,2.8243511376123687,-5.118044606786579,3.323725141500712,-0.049835200202000454,0.13812132438354757,0.14683680542915198,3.0,0.738789297632261,0.502072096634847,1.6981492806308556,1.6981492806308556,0.09410966299275669,141.325402453593
122.7968474121094,-5.103520929128426,2.835470630037862,-5.120838266201907,3.2104855649056003,-0.047336244430311376,0.08400528263989661,0.09642410252719545,3.0,0.5143011789662149,0.37541455957004477,1.558987734237784,1.558987734237784,0.11327403162406215,141.43867648521706
