t_s,t_raw_s,x_m,y_m,horizontalAccuracy,gps_bearing,gps_speed_mps,orientation_yaw,orientation_roll,orientation_pitch,compass_bearing,gyro_z,gyro_y,gyro_x,acc_z,acc_y,acc_x
0.0,4.616171630859375,0.0,0.0,11.27299976348877,0.0,0.0,2.6996512413024902,0.0163683257997035,-0.1048395410180091,157.33208970421742,0.0278292130678892,0.012649642303586,-0.0233019720762968,0.1552190780639648,-0.0501695871353149,0.0116627216339111
2.997633056640625,7.6138046875,-4.551029672001302,-5.915570096973188,8.887999534606934,314.0204467773437,0.6237027645111084,2.63935923576355,0.036939401179552,-0.1338468641042709,157.23655852389587,0.6627081036567688,0.2480661422014236,0.1258306503295898,-2.013326644897461,-0.5779480934143066,-0.2924263179302215
3.790923828125001,8.407095458984376,-4.569758189363687,-7.728047401231342,8.317999839782715,320.3607788085937,0.2219108790159225,2.6174123287200928,0.0241836700588464,-0.1428844779729843,147.87799030306502,-0.1042596846818924,-0.1173087880015373,-0.2736317217350006,-0.650604248046875,-0.0448423624038696,0.2532569468021393
4.788760742187501,9.404932373046876,-4.073452484919385,-10.352247670233572,7.63100004196167,192.7989654541016,0.406754195690155,2.433727502822876,-0.0172237362712621,-0.1096334308385849,133.45850505578568,-0.5260919332504272,-0.14926578104496,-0.3481980562210083,1.088780403137207,-0.6377758383750916,1.7674891948699951
5.788987548828125,10.4051591796875,-3.970445640319779,-11.6087503418999,5.8480000495910645,186.6221466064453,0.58823561668396,2.385286569595337,-0.0259297788143157,-0.0971640050411224,136.70617699394506,0.1119826212525367,0.0765636265277862,0.0406120084226131,1.098428726196289,-0.352485179901123,-0.3739356994628906
6.031937744140626,10.648109375,-3.9236243472116548,-11.808901209802713,6.078999996185303,186.60633850097656,0.589432418346405,2.411391258239746,-0.0382281579077243,-0.0795831680297851,139.28153683589676,-0.4067858755588531,0.2651098668575287,-0.1649779677391052,0.4837989807128906,-1.3317179679870603,1.3671212196350098
6.670880126953126,11.2870517578125,-3.811253244228693,-12.053530048114824,6.251999855041504,123.29512786865234,0.9313487410545348,2.50009560585022,0.0171388443559408,-0.1098673492670059,154.56895552516414,0.35805144906044,0.1479342430830001,0.2952027022838592,0.1151390075683593,-1.029671549797058,-0.3872394561767578
6.790715820312499,11.406887451171874,-3.8955315714659142,-12.509429247462567,5.906000137329102,117.62442016601562,0.9992871880531312,2.486158847808838,-0.0134143289178609,-0.1118772402405738,153.6769851240713,-0.0158453416079282,-0.1205044835805893,-0.2086525112390518,-0.005197525024414,-0.8301572799682617,0.0386614203453063
7.273615234375001,11.889786865234376,-3.8018889858453364,-12.80965554931679,5.692999839782715,113.79650115966795,1.007726788520813,2.5934717655181885,-0.0307158771902322,-0.0693318247795105,156.7668008899111,-0.1745650619268417,0.4856131076812744,0.0853517949581146,-0.2155380249023437,-1.2893202304840088,0.0411449074745178
7.789001708984374,12.40517333984375,-3.773796210099596,-13.688095469321148,5.4670000076293945,140.65618896484375,1.2231204509735107,2.65784239768982,-0.0128286322578787,-0.0970573648810386,163.6065431368993,0.0352858453989028,-0.2003969699144363,-0.0062582441605627,1.0515718460083008,-0.0771966576576232,-0.3630256056785583
7.832535888671876,12.44870751953125,-3.867438795720174,-13.821529381256358,5.290999889373779,145.26214599609375,1.1667344570159912,2.6588122844696045,-0.0242163129150867,-0.0903721526265144,162.1042118657846,0.066177599132061,-0.4411396384239197,-0.2640446424484253,0.5937719345092773,-1.2197480201721191,0.5512111783027649
8.4737783203125,13.089949951171874,-3.7925247274619798,-14.288548073736917,5.081999778747559,152.09030151367188,1.0660340785980225,2.697915554046631,-0.0632901340723037,-0.0573185719549655,159.11330772524198,-0.534613847732544,0.4259600639343261,-0.1170424818992614,0.9308919906616212,-1.7473207712173462,0.234384000301361
8.789412353515624,13.405583984375,-3.8955315714659142,-14.955717633412968,4.935999870300293,164.06553649902344,1.010922074317932,2.74080491065979,-0.0047023589722812,-0.0672285556793212,164.25340545290342,-0.0446066334843635,-0.1407439112663269,-0.0030625448562204,0.3373737335205078,0.8439965844154358,1.7235534191131592
8.993162353515626,13.609333984375,-3.9517171229573953,-15.289302413250994,4.61299991607666,169.28579711914062,0.9840680956840516,2.774569511413574,-0.0106916008517146,-0.0874012634158134,164.3879033624868,-0.2043915838003158,-0.3974650800228119,-0.0456718653440475,1.876112937927246,0.136154294013977,-0.2369755506515503
9.792970458984374,14.40914208984375,-4.0359954501946165,-16.479088128949716,4.385000228881836,177.75015258789062,0.967561900615692,2.7786450386047363,-0.0810826197266578,-0.0895421504974365,154.86206969229312,-0.1788259893655777,-0.1194392517209053,0.2248973250389099,-2.1366028785705566,-0.3278534412384033,0.316790759563446
9.81459765625,14.430769287109374,-4.073452484919385,-16.5791635621938,4.276000022888184,179.44430541992188,0.9668343663215636,2.782637596130371,-0.0833221822977066,-0.0923094153404235,154.21680995775716,-0.2629793882369995,-0.1098521575331687,0.1045259907841682,-1.420088768005371,-0.5888997912406921,-0.1161648631095886
10.273771728515625,14.889943359375,-4.129638036410865,-17.05730174709985,4.2170000076293945,181.30126953125,0.9691619277000428,2.6913087368011475,-0.0134046226739883,-0.078081265091896,150.57662017891127,0.2643109560012817,-0.3250292241573334,-0.4067858755588531,-0.2534952163696289,-0.1123948693275451,1.1930663585662842
10.791307373046875,15.40747900390625,-4.288830431906281,-17.724471306775904,4.131999969482422,184.47808837890625,0.9762479662895204,2.581700325012207,-0.0619498752057552,-0.0888546183705329,143.47898007352848,-0.139412373304367,-0.3069202601909637,-0.1031944528222084,2.07772159576416,-0.29874187707901,0.6731211543083191
11.035275146484375,15.65144677734375,-4.345015983397762,-18.01357811620463,3.83899998664856,184.7486572265625,0.981865406036377,2.6625421047210693,-0.050440639257431,-0.0764704346656799,147.02678981100595,-0.2757622003555298,0.1820216923952102,0.3314206302165985,-2.421934127807617,-0.2860320806503296,0.0689727962017059
11.495486572265625,16.111658203125,-4.410565793868271,-18.480596807977868,3.815999984741211,183.3631134033203,0.950791358947754,2.72981333732605,-0.0159565508365631,-0.1006822362542152,156.18218909331344,0.0810908675193786,-0.2312887161970138,-0.2693707942962646,1.7080316543579102,-0.4113444089889526,-0.0391652584075927
11.788225830078124,16.4043974609375,-4.485479862722135,-18.858659558932512,3.5239999294281006,184.15921020507807,0.9314335584640504,2.606498956680298,-0.0404107421636581,-0.1018054112792015,152.55250209720472,0.3346163332462311,-0.1034607589244842,0.0246335137635469,-1.1854324340820312,0.2520798444747925,-0.5250436067581177
12.157347900390624,16.77351953125,-4.551029672001302,-19.27008078787096,3.492000102996826,185.38092041015625,0.9333243370056152,2.626525640487671,-0.0699153691530227,-0.1149887666106224,154.45632151561304,-0.2885449826717376,-0.3463338911533355,-0.1276948153972625,1.2446346282958984,-0.8480293154716492,1.9276556968688965
12.747392333984374,17.36356396484375,-4.625943740855168,-19.870533391579404,3.461999893188477,185.70481872558597,0.935793936252594,2.788961410522461,-0.0426794067025184,-0.1105405017733573,168.44209120304623,0.0075897853821516,-0.1322220563888549,-0.1330209672451019,-0.0821208953857421,-0.3004947900772095,-0.0831270515918731
12.79258447265625,17.408756103515625,-4.6540365171965785,-19.981728317956303,3.4159998893737797,185.89170837402344,0.9274737238883972,2.788740396499634,-0.051467265933752,-0.0957966148853302,168.25403537150044,0.1588528752326965,-0.1503310054540634,-0.244870439171791,1.763596534729004,-1.0161441564559937,-0.9606550335884094
13.347540771484374,17.96371240234375,-4.71022206868806,-20.58218092166475,3.3949999809265137,185.8018341064453,0.9253735542297364,2.7647581100463867,-0.0678670853376388,-0.121740847826004,166.79633461701508,-0.3684374690055847,-0.5189016461372375,-0.1468690037727356,2.1838483810424805,-0.4151473045349121,-0.4972708225250244
13.802817382812504,18.41898901367188,-4.822593171671022,-21.071438598996295,3.2799999713897705,187.0570831298828,0.905290424823761,2.828261137008667,-0.0066371262073516,-0.0582392588257789,169.21175193558707,0.3282249271869659,-0.3133116662502289,0.0214378144592046,-0.2072601318359375,0.8359084129333496,1.5418806076049805
14.107260986328123,18.7234326171875,-4.888142980950189,-21.39390388640883,3.246999979019165,187.2815093994141,0.9087409377098083,2.782899856567383,-0.0229883026331663,-0.0886860489845275,162.4928375020421,0.0022636202629655,0.1308905035257339,0.1450048387050628,1.533991813659668,-1.976961374282837,-1.2005295753479004
14.60833056640625,19.224502197265625,-4.963057049804053,-21.872042070607556,3.263000011444092,186.8838653564453,0.9043656587600708,2.7099666595458984,-0.0280299484729766,-0.1592694371938705,152.3322165393163,-0.0435414016246795,-0.1183740198612213,0.450726717710495,1.753061294555664,-0.5567445755004883,-0.7780357003211975
14.796514404296873,19.41268603515625,-5.0754281527870155,-22.03883446123389,3.257999897003174,187.0659637451172,0.9154615998268129,2.754658937454224,0.0012369645992293,-0.1740564405918121,151.9502196554303,-0.1149120107293129,0.311980128288269,0.2057231217622757,-3.155269145965576,-0.3129706382751465,-0.4418520629405975
15.188967529296876,19.80513916015625,-5.150342222236551,-22.394658225922903,3.260999917984009,185.9814300537109,0.9206989407539368,2.7437124252319336,0.000365271262126,-0.1313996911048889,149.33021540525814,0.0544600374996662,-0.0544600374996662,0.4581833481788635,1.3571662902832031,0.8021860122680664,-0.0216829441487789
15.787572021484374,20.40374365234375,-5.346991651861064,-22.87279641012163,3.2249999046325684,185.4039459228516,0.8836452960968018,2.557706356048584,-0.0430112071335315,-0.1562245786190033,139.24961942025786,-0.0030625448562204,-0.172700896859169,0.1545919477939605,0.8659782409667969,-0.0561499595642089,0.478969007730484
15.889085449218749,20.505257080078124,-5.393812945564859,-22.939513366089237,3.2230000495910645,185.3426818847656,0.8811635375022888,2.564453601837158,-0.0468092337250709,-0.1539972871541977,137.93185694288186,-0.141542837023735,-0.067242830991745,0.3378120362758636,1.3037214279174805,-0.2841596603393554,-0.2125201970338821
16.596787841796875,21.21295947265625,-5.515548306335507,-23.64004140445641,3.2149999141693115,185.60792541503903,0.8781552314758301,2.6415605545043945,0.0115560581907629,-0.114145241677761,148.85209319863026,0.2749632596969604,0.1127815470099449,-0.0808245539665222,-0.1402235031127929,-1.030924677848816,-1.917568683624268
16.790072509765622,21.406244140625,-5.65601218565988,-23.762355823966132,3.213000059127808,187.05023193359372,0.8639357089996338,2.5584070682525635,0.0058099869638681,-0.1015282273292541,146.37034938192886,0.3516600430011749,0.3780245780944824,0.1300915777683258,-1.6905288696289062,-0.1207536458969116,-0.4547567963600158
17.209831787109373,21.82600341796875,-5.787111806005226,-24.10706009622965,3.190000057220459,188.39382934570312,0.8647585511207581,2.5313315391540527,-0.0454742163419723,-0.0983057171106338,144.3488354104799,-0.488808810710907,0.0275629051029682,-0.5324833393096924,0.7734212875366211,-1.3988070487976074,-0.4272932112216949
17.8096142578125,22.425785888671875,-5.918211425754901,-24.629676251544996,3.1670000553131104,188.55116271972656,0.8634209036827087,2.568343162536621,-0.0073860650882124,-0.0901506915688514,148.30697053980617,0.0320901460945606,-0.2920069992542267,-0.2619141638278961,2.45599365234375,-1.1321001052856443,-0.0850225538015365
18.393038330078127,23.0092099609375,-6.171046407466566,-25.185650884844147,3.1410000324249268,189.1646728515625,0.879108190536499,2.522176742553711,-0.0362821333110332,-0.1045655831694603,145.35691130395534,-0.052063263952732,-0.2909417748451233,-0.1756303012371063,-0.2150735855102539,0.1797916889190673,1.4690035581588743
18.79306689453125,23.409238525390624,-6.348967320920036,-25.608191606208088,3.130000114440918,189.5719146728516,0.8902815580368042,2.550832986831665,-0.0187456309795379,-0.0714319869875907,144.1401174032396,-0.0946725830435752,0.026497671380639,-0.0083887102082371,0.6900596618652344,0.5111675262451172,0.9309319257736206
19.071347900390627,23.68751953125,-6.433245647561587,-25.88617892321132,3.130000114440918,189.61924743652344,0.8856627345085144,2.496444702148437,-0.0182075910270214,-0.0695336610078811,141.70235420812247,0.0917431935667991,-0.4326177537441253,-0.3471328020095825,3.359374046325684,-1.2564977407455444,0.2835515439510345
19.795043457031248,24.411215087890625,-6.583073785269317,-26.642304423705966,3.0850000381469727,188.19874572753903,0.9037030935287476,2.4786593914031982,-0.0115189310163259,-0.0632676035165786,139.22222916171512,-0.0637808293104171,0.3705679476261139,-0.4408733248710632,-2.272716522216797,-0.4612434804439544,-0.982350766658783
19.81899365234375,24.435165283203126,-6.60180230203603,-26.686782394822583,3.0850000381469727,188.1392822265625,0.9045937061309814,2.478745698928833,-0.0046640424989163,-0.0490724295377731,139.40972373943944,-0.0115844095125794,0.2129134535789489,-0.4738955497741699,-1.7432746887207031,0.1389619708061218,0.1400990784168243
20.292908691406247,24.909080322265623,-6.676716370889895,-27.164920579021313,3.075000047683716,186.5806427001953,0.9006580114364624,2.4440248012542725,-0.026335934177041,-0.0503965765237808,138.37762874008126,0.3463338911533355,-0.0406120084226131,0.2717675864696502,0.2718763351440429,-0.7422975301742554,-0.47172611951828
20.772117675781246,25.388289306640623,-6.732901922381376,-27.70977571989497,3.075999975204468,185.8105926513672,0.931853175163269,2.389721393585205,-0.1099966317415237,-0.1202571541070938,136.28425383253764,-0.1159772425889968,0.1362166702747345,-0.2523270845413208,1.568830490112305,-0.6293288469314575,-0.7492135167121887
20.79526586914063,25.4114375,-6.732901922381376,-27.776492675862574,3.075999975204468,185.5766448974609,0.9326753616333008,2.3903751373291016,-0.1022552698850631,-0.1105372756719589,136.2351818200524,-0.0115844095125794,0.22356578707695,-0.3695026934146881,0.8149118423461914,-0.0665005445480346,-0.2549618482589721
21.593641601562503,26.20981323242188,-6.826544508001954,-28.64381310344144,3.075999975204468,185.39303588867188,0.922968864440918,2.441908836364746,-0.0209368336945772,-0.0805215463042259,138.0531832973622,0.1908098608255386,0.0318238362669944,-0.4483299553394317,0.9977712631225586,-0.395453929901123,-0.2075128555297851
21.79750048828125,26.413672119140625,-6.826544508001954,-28.888441941753552,3.049999952316284,184.69427490234372,0.9268878698349,2.369863748550415,-0.058927409350872,-0.0677776262164115,133.03536884108345,0.2983984053134918,0.1926740258932113,0.0182421151548624,-0.7681865692138672,-0.3137843012809753,-0.8934395909309387
22.134552490234377,26.75072412109375,-6.845273025364337,-29.27762418513369,3.0460000038146973,184.2203826904297,0.9330546259880066,2.3337390422821045,-0.0942030772566795,-0.0648586899042129,128.6686982793211,-0.2022611200809478,0.316241055727005,-0.3450023531913757,2.515431404113769,-0.5014942288398743,-1.0204757452011108
22.790485107421873,27.40665673828125,-6.83590876698098,-30.067108164319457,3.0390000343322754,182.2935028076172,0.9378816485404968,2.37146544456482,-0.0547189861536026,-0.1871211230754852,134.75442157540022,0.2515281438827514,0.0914768874645233,-0.012649642303586,-1.418095588684082,-0.3913538455963135,-0.341555118560791
22.820848388671877,27.43702001953125,-6.826544508001954,-30.13382512028706,3.013999938964844,182.19595336914065,0.9381303787231444,2.366697072982788,-0.0687087178230285,-0.1678593307733535,134.8675041087675,0.1695052087306976,-0.4400743842124939,-0.7391385436058044,1.726670265197754,-0.9826118350028992,0.0442151427268981
23.41429150390625,28.030463134765625,-6.826544508001954,-30.74539721712832,3.006999969482422,181.1373443603516,0.903633713722229,2.24228310585022,-0.0963673815131187,-0.1686185151338577,129.27919923854242,-0.339676171541214,-0.1300915777683258,-0.1511299312114715,0.5082340240478516,-0.175721526145935,1.285085678100586
23.794168457031247,28.410340087890624,-6.7703589565104725,-31.167937938492262,3.006999969482422,179.3573455810547,0.8971886038780212,2.305761814117432,-0.0653365850448608,-0.1562063992023468,133.2211997699021,-0.1106510832905769,-0.1087869256734848,0.0917431935667991,-0.1110649108886718,0.8938602209091187,1.567829966545105
24.035383544921878,28.65155517578125,-6.742266181360403,-31.42368626993719,3.00600004196167,178.45437622070312,0.907419979572296,2.364640474319458,-0.0490978807210922,-0.1512863039970398,138.12398854840353,-0.1916087865829467,-0.6392729878425598,-0.6837464570999146,0.6521158218383789,-0.2268705368041992,-0.0881507396697998
24.800295166015623,29.416466796875,-6.629895078377441,-32.29100669751605,3.006999969482422,176.71180725097656,0.900062084197998,2.385422468185425,-0.0684701055288314,-0.1186272650957107,143.8086600963478,-0.5431357026100159,0.1713693588972091,-0.5452661514282227,-3.246537685394287,-0.4691773653030395,0.323915421962738
24.82571313476563,29.441884765625,-6.611166561015057,-32.34660416035084,3.006999969482422,176.64454650878906,0.8997470140457153,2.400143623352051,-0.0619633011519908,-0.1031897738575935,144.73796523535324,-0.5868102312088013,0.3013277947902679,-0.8733579516410828,-2.2531394958496094,-0.6148375868797302,-0.2983749508857727
25.326709960937507,29.94288159179688,-6.57370952688596,-32.91369828678281,3.009999990463257,176.89222717285156,0.9006987810134888,2.484321355819702,-0.0062539861537516,-0.0641777366399765,154.54166271071202,0.408117413520813,0.0233019720762968,0.2792242169380188,-1.259714126586914,-0.5436956882476807,-1.7318233251571655
25.794507324218756,30.41067895507813,-6.517523975394479,-33.51415089049126,3.003000020980835,177.68296813964844,0.894635796546936,2.437530755996704,-0.0712033882737159,-0.0657506063580513,147.85398374007218,-0.1766955256462097,0.2438052147626876,-0.5239614844322205,1.0352067947387695,0.0080557465553283,-0.6777483224868774
25.84692041015625,30.463092041015624,-6.508159716415451,-33.61422632444266,3.003000020980835,177.73777770996094,0.8941963315010071,2.463720321655273,-0.0746883302927017,-0.0306422654539346,148.33301759685733,-0.6091801524162292,-0.3079854846000671,-0.7306166887283325,3.525897026062012,-0.637098491191864,1.4891135692596436
26.567077148437498,31.183248779296875,-6.489431199053068,-34.34811284008632,3.01200008392334,178.54212951660156,0.908706784248352,2.580367088317871,-0.0351855158805847,-0.0636726915836334,155.1515474568292,0.6573819518089294,0.3769593238830566,0.1812227666378021,-1.6919317245483398,0.0360427498817443,-0.8312920331954956
26.795969482421874,31.41214111328125,-6.45197416492397,-34.67057812749885,3.01200008392334,178.48402404785156,0.9194072484970092,2.553093671798706,-0.0575712099671363,-0.0732946917414665,151.41742353892184,0.0331553779542446,-0.3165073692798614,0.2195711582899093,-1.3271303176879885,0.5987325310707092,-0.4514357149600982
27.046725830078124,31.6628974609375,-6.433245647561587,-34.98192392177857,3.01200008392334,178.78915405273438,0.9285017251968384,2.588303804397583,-0.1055658683180809,-0.0393644310534,151.10196514275242,-0.549527108669281,-0.6169030666351318,-0.9459269046783448,3.852081298828125,-0.5017462372779846,1.1413978338241575
27.808158447265626,32.424330078125,-6.405152872411517,-35.78252739338983,3.0390000343322754,180.330078125,0.9039564728736876,2.649517774581909,-0.0474263839423656,-0.101261980831623,156.79711987330194,0.2653761804103851,-0.1577876359224319,-0.0222367402166128,-1.5050897598266602,-0.2213684320449829,-0.1395927369594574
28.30906127929687,32.92523291015625,-6.3583315793033925,-36.4163384757894,3.052999973297119,180.4971923828125,0.931632936000824,2.658846616744995,-0.0738496035337448,-0.0906058996915817,154.61258420456858,-0.6230281591415405,0.3822855055332184,-0.0595198944211006,0.123173713684082,-1.2351925373077393,0.9805473685264589
28.794538085937496,33.41070971679687,-6.227231958958047,-37.01679107949785,3.058000087738037,179.5386505126953,0.936610460281372,2.750927686691284,-0.0237325020134449,-0.0909531861543655,161.95217848776642,0.0033288532868027,0.3194367587566376,0.1620485782623291,1.037154197692871,-0.3758952021598816,-0.6749475598335266
28.83015234375,33.44632397460938,-6.189774924828949,-37.09462752859827,3.052999973297119,179.4907989501953,0.9369449019432068,2.7470295429229736,-0.0119887366890907,-0.0934298336505889,162.09405302374037,0.2185059189796447,0.3194367587566376,0.0043940860778093,-0.0705537796020507,0.3041850924491882,-1.217121720314026
29.63017309570312,34.2463447265625,-6.133589373337468,-38.00642592658643,3.062000036239624,180.6314239501953,0.9611826539039612,2.792733669281006,-0.0246300511062145,-0.1434101909399032,164.46705841140724,-0.1117163151502609,0.0137148750945925,0.1844184696674347,-1.3628578186035156,-0.3469372987747192,-0.0791845917701721
29.801671386718745,34.41784301757812,-6.068039563462631,-38.21769628691474,3.062000036239624,180.6152191162109,0.9630365371704102,2.80873966217041,-0.0167985409498214,-0.1345247477293014,165.49650678832072,0.1311568170785904,-0.0235682800412178,-0.0595198944211006,0.0638084411621093,0.6302963495254517,0.5831693410873413
30.170760498046874,34.78693212890625,-6.039946787121219,-38.62911751585318,3.062000036239624,181.1164093017578,0.9632835984230042,2.824376583099365,-0.0009528017835691,-0.1482705920934677,168.28912810771843,0.4198349714279175,0.0893464162945747,0.1130478531122207,-1.1314830780029297,-1.0284587144851685,-1.0619215965270996
30.7299619140625,35.34613354492188,-6.058675304483604,-39.28516758310374,3.072000026702881,182.3883056640625,0.9740124940872192,2.710823774337769,-0.0544203035533428,-0.1351962685585022,159.1306519160316,-0.2683055698871612,0.1777607649564743,-0.1809564530849456,1.727229118347168,-1.1876368522644043,0.98071551322937
30.794526611328124,35.4106982421875,-6.039946787121219,-39.36300403149684,3.072000026702881,182.31114196777344,0.9634135961532592,2.7349119186401367,-0.029108440503478,-0.1372585594654083,160.36087184078468,-0.2331528812646865,0.2800231277942657,0.151396244764328,-0.4371356964111328,-1.0874080657958984,0.1157243251800537
31.311154785156248,35.927326416015624,-6.0493110461002475,-39.90785917237049,3.072000026702881,181.2994079589844,0.9661778807640076,2.8417251110076904,0.0375001654028892,-0.1515059918165207,169.7598091092729,-0.3407414257526397,0.1319557428359985,-0.0019973118323832,1.499161720275879,0.3195583820343017,-0.4891357421875
31.79842529296875,36.41459692382813,-6.039946787121219,-40.41935583526035,3.066999912261963,180.6399383544922,0.963451623916626,2.7185146808624268,0.0076664085499942,-0.1327552199363708,162.22359484029457,0.2238320857286453,-0.0757647007703781,0.1215697154402732,0.2253150939941406,0.6373288631439209,-0.7104761004447937
32.011669433593745,36.62784106445312,-6.039946787121219,-40.65286518114697,3.062000036239624,180.61508178710935,0.9666594862937928,2.726522445678711,-0.0225427839905023,-0.1646927148103714,160.32541519140528,-0.2587184607982635,-0.001198387122713,-0.0083887102082371,-1.2867565155029297,-0.846428394317627,0.9955845475196838
32.59231323242187,37.20848486328125,-6.058675304483604,-41.24219829242992,3.062000036239624,180.36224365234372,0.95857036113739,2.8633298873901367,-0.0043050656095147,-0.1048027798533439,167.13170437765572,-0.0552589632570743,-0.0715037658810615,-0.4323514401912689,0.1238241195678711,0.1353751420974731,-0.4716697931289673
32.79021801757812,37.4063896484375,-6.0493110461002475,-41.45346865275823,3.056999921798706,179.96142578125,0.9542384147644044,2.8304500579833984,-0.0347818247973918,-0.0842583626508712,165.36120895733714,0.2344844192266464,-0.4251611232757568,0.1173087880015373,-0.7371349334716797,-0.4987596273422241,-0.2560029029846191
33.37293798828125,37.98910961914063,-6.0493110461002475,-42.04280176404118,3.0220000743865967,180.45925903320312,0.9437063932418824,2.818156719207764,-0.0239592492580413,-0.0418349094688892,161.92583650127634,0.0203725807368755,0.1287600398063659,0.3473991155624389,-1.2463092803955078,-0.2825938463211059,0.4193367958068847
33.78614624023437,38.40231787109375,-6.039946787121219,-42.45422299297963,3.0199999809265137,181.4989318847656,0.939218521118164,2.902501344680786,-7.8255761764e-06,-0.0971832424402237,165.76646379221856,-0.2001306563615799,0.0158453416079282,0.1460700780153274,0.5310649871826172,0.7817279100418091,-0.0705816000699997
33.83316357421875,38.44933520507813,-6.030582528737863,-42.50982045581442,3.0220000743865967,181.684326171875,0.9388945698738098,2.912302732467652,-0.0012646308168768,-0.098046638071537,168.76186743664616,-0.2022611200809478,0.0275629051029682,0.0342206098139286,1.585855484008789,0.0916148424148559,-0.379835307598114
34.57500122070312,39.1911728515625,-6.077403821845987,-43.26594595772371,3.0199999809265137,183.95655822753903,0.9117124676704408,2.873217821121216,-0.0615449957549572,-0.0720521882176399,164.51149841522525,-0.3450023531913757,-0.1066564545035362,-0.0989335179328918,-0.0171918869018554,-0.4384497404098511,1.2546309232711792
34.79205859375,39.408230224609376,-6.086768080229344,-43.499455302903,3.01200008392334,184.5653533935547,0.9133149981498718,2.9164857864379883,-0.0322098173201084,-0.0377285294234752,167.1886277089972,-0.037150003015995,0.1191729456186294,-0.0989335179328918,-1.2123212814331057,-0.0360954105854034,-0.3827109336853027
35.216444580078125,39.8326162109375,-6.114860855975085,-43.95535450225074,3.013000011444092,185.74301147460935,0.9175595045089722,2.93958067893982,-0.0318588204681873,-0.0666351988911628,168.1987471393868,0.0693733021616935,-0.3367467820644378,-0.0797593221068382,1.9699506759643557,-1.0088717937469482,-0.5209735631942749
35.791671386718754,40.40784301757813,-6.208503441595663,-44.5780460915175,3.0,187.797607421875,0.9140058755874634,2.861063241958618,-0.0750868320465087,-0.0865072160959243,160.0981782357829,-0.0829550251364708,-0.4145087897777557,-0.0680417567491531,1.3323373794555664,-0.307131826877594,0.7779944539070129
35.83593896484375,40.452110595703125,-6.21786770057469,-44.6447630474851,3.0,188.0223693847656,0.9138104915618896,2.8694427013397217,-0.0838737338781356,-0.0830836221575737,160.00328354523853,-0.2086525112390518,0.12449911236763,0.0459381751716136,-0.1503829956054687,-1.117800235748291,1.0543348789215088
36.417523925781246,41.03369555664062,-6.320874544578625,-45.278574129884674,3.003000020980835,188.6192626953125,0.9322101473808287,2.917577743530273,-0.0088204722851514,-0.1029573157429695,164.18614682539877,0.2344844192266464,0.3087844252586365,-0.0137148750945925,0.1767864227294922,-0.0353232622146606,-1.1720860004425049
36.79656958007812,41.4127412109375,-6.414517130794874,-45.6788758656903,3.002000093460083,189.28939819335935,0.9330235719680786,2.775824546813965,-0.0487881377339363,-0.0963837206363678,154.5568776099348,0.1023955270648002,-0.343138188123703,-0.1894783228635788,-0.4038410186767578,-0.1508031487464904,-0.8247247934341431
37.213150634765626,41.829322265625,-6.498795458032095,-46.12365557190523,3.003000020980835,189.5577392578125,0.9424651265144348,2.818021297454834,-0.0178751591593027,-0.0821603834629058,154.2126721580792,-0.1948044896125793,0.2501966059207916,0.5987941026687622,-2.6353635787963867,-0.5337603092193604,0.2098627537488937
37.70732495117187,42.32349658203125,-6.592438044248344,-46.67963020520438,3.013000011444092,189.0275115966797,0.9618991613388062,2.9083504676818848,-0.0259434469044208,-0.1113804131746292,160.13362979721572,-0.0105191757902503,-0.3495295941829681,0.0182421151548624,1.164078712463379,-0.1702150106430053,-0.5193754434585571
37.798651123046874,42.41482275390625,-6.639259336760798,-46.80194462400677,3.013000011444092,189.297607421875,0.958415985107422,2.8834619522094727,-0.0280075520277023,-0.0963276252150535,158.57954240506996,0.2845503687858581,0.2459356784820556,0.0427424758672714,0.5999832153320312,-0.8986524343490601,-1.5708335638046265
38.348668457031245,42.96484008789062,-6.751630439743759,-47.35791925730592,3.01200008392334,191.1989898681641,0.9580835103988647,2.7117834091186523,-0.0639662072062492,-0.1355570554733276,149.15851401872067,-0.1521951705217361,0.1031944528222084,-0.2683055698871612,1.3075494766235352,0.0522198677062988,-0.1387008428573608
38.798517578125,43.41468920898438,-6.920187094218202,-47.84717693534479,3.013000011444092,193.4618377685547,0.942078411579132,2.8073134422302246,-0.0410801544785499,-0.0538983047008514,152.9156084111951,0.0235682800412178,0.0041277781128883,0.0022636202629655,0.9626445770263672,0.4619299173355102,0.009577065706253
39.067182617187505,43.68335424804688,-7.013829679838781,-48.13628374477352,3.013000011444092,193.56228637695312,0.9380566477775574,2.728857517242432,-0.0339224599301815,-0.0995932444930076,152.63258690521675,0.2600499987602234,-0.3974650800228119,-0.0637808293104171,0.2106151580810547,-0.996360957622528,0.6955136060714722
39.570368896484375,44.18654052734375,-7.13556504180077,-48.62554142139774,3.01200008392334,193.2946014404297,0.9325220584869384,2.642569303512573,-0.0465654544532299,-0.1435338854789734,149.43030968570685,-0.1596518009901046,0.0073234769515693,0.0107854846864938,1.1500062942504885,-0.2162061929702758,0.5830584764480591
39.795989746093746,44.41216137695312,-7.210479110654636,-48.870170260417176,3.013000011444092,193.83091735839844,0.9303282499313354,2.6948413848876958,-0.0414987541735172,-0.1218416690826416,151.6235804267631,-0.2363485842943191,0.3290238380432129,-0.0573894307017326,0.5675592422485352,-1.2580933570861816,0.4496889412403106
40.367847167968755,44.98401879882813,-7.3415787304043105,-49.403905908158016,3.013000011444092,193.3142242431641,0.9127782583236694,2.7249181270599365,-0.0144482254981994,-0.0945749580860138,156.51027416636182,0.2962679266929626,0.0914768874645233,-0.3013277947902679,-0.3448114395141601,0.2905386090278625,-0.2688357532024383
40.79405078125,45.41022241210938,-7.388400024108106,-49.87092459993126,3.013000011444092,193.36691284179688,0.9359473586082458,2.5970678329467773,-0.0680847242474556,-0.090186670422554,148.1811463770929,0.1780270636081695,-0.1503310054540634,0.5710980296134949,0.8382339477539062,0.0586007237434387,-0.6405640840530396
41.04940087890624,45.66557250976562,-7.425857058237203,-50.16003140935999,3.013000011444092,193.6685791015625,0.9380366206169128,2.6287543773651123,-0.0813987776637077,-0.151685431599617,149.4514231778404,-0.4057206213474273,-0.4485962688922882,0.0033288532868027,0.493316650390625,-0.6431163549423218,2.1868295669555664
41.6494345703125,46.26560620117188,-7.613142230074029,-50.804961983477725,3.0160000324249268,193.2529754638672,0.935641586780548,2.699899435043335,-0.0013450680999085,-0.1606956124305725,153.08137857170627,0.0310249123722314,0.4099815487861633,-0.1266295760869979,0.5408411026000977,-0.0745266675949096,-1.4537278413772583
41.79875830078125,46.41492993164063,-7.566320936370235,-50.97175437410406,3.0160000324249268,192.38104248046875,0.9276581406593324,2.639589071273804,0.0027209362015128,-0.1399277299642563,152.4088655270233,0.6030550599098206,-0.2834851443767547,0.0715037658810615,-1.0066375732421875,-0.3528852462768554,-1.2993305921554563
42.329498046874996,46.94566967773437,-7.603777971095001,-51.51660951427039,3.0160000324249268,191.65963745117188,0.9095851182937622,2.5011239051818848,-0.0486586354672908,-0.1441339403390884,138.6310716777079,-0.423829585313797,0.026497671380639,-0.1734998226165771,2.061338424682617,-1.0865416526794434,1.1479647159576416
42.796757324218746,47.41292895507812,-7.547592419603522,-52.02810617645292,3.00600004196167,189.962890625,0.9145010113716124,2.5729148387908936,-0.004257152788341,-0.1443380266427993,140.54086225104044,-0.3173062801361084,0.0275629051029682,-0.0808245539665222,0.3805294036865234,1.2289108037948608,0.1395826339721679
42.990264648437496,47.60643627929687,-7.538228161220165,-52.25049602991405,3.00600004196167,189.1483154296875,0.9149635434150696,2.5702176094055176,0.01146843098104,-0.0878132954239845,141.2024099632259,0.3633776009082794,0.0595198944211006,-0.1468690037727356,1.9454879760742188,-1.172102451324463,-1.78875470161438
43.61186083984375,48.22803247070313,-7.575685195349261,-52.873187619180804,3.00600004196167,188.1226043701172,0.8840847015380859,2.425931692123413,-0.0749031752347946,-0.1339191645383834,135.19839178987272,-0.6709636449813843,0.1862826198339462,-0.2725664973258972,-0.8040008544921875,-1.505175232887268,0.6647249460220337
43.804286621093745,48.42045825195312,-7.528863902241137,-53.08445797950911,3.00600004196167,187.5515289306641,0.8894660472869873,2.4961729049682617,-0.0609064809978008,-0.0797378122806549,139.66559422322987,-0.1383471339941024,-0.0842865630984306,-0.3726983964443207,-0.2996149063110351,-0.1647441387176513,-0.9780594110488892
44.812426757812496,49.42859838867187,-7.613142230074029,-54.0296148561884,3.006999969482422,186.19412231445312,0.8766627907752991,2.387331008911133,-0.1140275225043296,-0.1300127059221267,140.7791679681185,-0.1766955256462097,0.0179758071899414,0.1918751001358032,1.9519777297973635,-0.6950291991233826,-0.8525543212890625
45.39420727539062,50.01037890625,-7.566320936370235,-54.56335050392924,3.006999969482422,184.7406463623047,0.9043880701065063,2.521357536315918,-0.0613342486321926,-0.1127601638436317,145.6861417243003,0.0054593193344771,0.0541937313973903,0.1364829838275909,1.7369441986083984,0.273740291595459,-0.1722323894500732
45.79717797851562,50.413349609375,-7.510135384878752,-54.90805477619276,3.006999969482422,183.6914520263672,0.8943576216697693,2.379246473312378,-0.0921187475323677,-0.1050280183553695,138.9070162089397,0.1599181145429611,-0.1428743749856948,0.2994636297225952,-1.4638099670410156,0.1554030179977417,-0.2328209280967712
46.014368408203126,50.6305400390625,-7.500771127091067,-55.09708615237741,3.00600004196167,183.50616455078125,0.8884423971176147,2.37786602973938,-0.1138886362314224,-0.14757040143013,138.1809245588179,-0.1884130984544754,-0.0587209686636924,-0.0659112930297851,0.7648115158081055,-0.6195670962333679,0.56034255027771
46.79762695312499,51.41379858398437,-7.49140686811204,-55.81985317559557,3.0,182.04444885253903,0.884676456451416,2.5474720001220703,-0.0274837631732225,-0.0938290208578109,146.5074735427104,0.3900084495544433,-0.0470034070312976,-0.2683055698871612,1.4230632781982422,-0.9902400970458984,-1.8329761028289795
47.35661401367187,51.97278564453125,-7.472678350749656,-56.34246933020359,3.0,181.83953857421875,0.8823665380477905,2.364126920700073,-0.0916773080825805,-0.1077263355255127,135.96218948057273,-0.4451342523097992,-0.2312887161970138,-0.2757622003555298,1.1949958801269531,-0.1823391318321228,1.4770091772079468
47.791208740234374,52.40738037109375,-7.538228161220165,-56.79836852955133,3.0,182.12106323242188,0.892008364200592,2.450616836547852,-0.0526655726134777,-0.0831210166215896,139.9158880692926,0.0342206098139286,0.2789579033851623,0.2483324557542801,1.1109533309936523,0.5868349671363831,0.6486883759498596
48.014615966796875,52.63078759765625,-7.575685195349261,-57.02075838301246,3.0,181.43199157714844,0.8929699659347534,2.450303316116333,-0.0533888526260852,-0.082255519926548,140.617581703053,-0.1969349533319473,-0.3282249271869659,-0.7178338766098022,2.699992179870605,-1.0169821977615356,0.0219895243644714
48.7779619140625,53.39413354492188,-7.603777971095001,-57.79912286977273,3.003000020980835,178.62222290039062,0.8823304772377014,2.4233548641204834,-0.0193532537668943,-0.2162549197673797,145.4887036790847,-0.1159772425889968,-0.1524614691734314,0.5657718777656555,-2.9460105895996094,0.0189108848571777,0.0011222660541534
48.799946533203126,53.4161181640625,-7.650599264203127,-57.86583982574034,3.003000020980835,178.73045349121094,0.8866041302680969,2.430291652679444,-0.0244206767529249,-0.2293040752410888,146.36980249513672,-0.1756303012371063,-0.1950708031654358,0.4283568263053894,-3.1110973358154297,-0.0939548015594482,0.7326517701148987
49.20751245117187,53.82368408203125,-7.66932778156551,-58.27726105467879,3.003000020980835,178.42979431152344,0.8840849995613098,2.530324459075928,-0.0409973040223121,-0.1808441877365112,150.8479632445947,-0.2576532363891601,0.0563241951167583,0.1577876359224319,0.9747037887573242,0.6589905023574829,-0.2108303755521774
49.79828588867187,54.41445751953125,-7.69742055671558,-58.96666959920582,3.003000020980835,178.51583862304688,0.8932979702949524,2.351395845413208,-0.1094720661640167,-0.1089165806770324,140.89365990944927,-0.1287600398063659,-0.0150464167818427,-0.0211715064942836,1.235795974731445,-0.5976634621620178,0.4507278203964233
49.867349365234375,54.48352099609375,-7.706784815694607,-59.07786452629005,3.003000020980835,178.60256958007812,0.8938735723495483,2.378092765808105,-0.0987054780125618,-0.0893633142113685,140.65839625257493,-0.3492632806301117,0.232087641954422,-0.3940030634403229,2.3096237182617188,-0.4777550101280212,0.434589147567749
50.588280273437505,55.20445190429688,-7.688056298332223,-59.778392563242576,3.003000020980835,177.3929443359375,0.8772817850112915,2.602065324783325,-0.0289152991026639,-0.1358806788921356,155.88468872659473,-0.3194367587566376,-0.2035926580429077,-0.7157034277915955,2.041621208190918,-1.0264346599578855,-0.1881318241357803
50.7933203125,55.40949194335938,-7.69742055671558,-60.03414089539483,3.002000093460083,176.83282470703125,0.8838334679603577,2.5491955280303955,-0.0375304743647575,-0.1045548394322395,151.09040139257854,0.465639978647232,0.1564560979604721,-0.0211715064942836,0.1905670166015625,-0.750495433807373,-0.502600908279419
51.207613037109375,55.82378466796875,-7.66932778156551,-60.46780110918426,3.003000020980835,177.1573028564453,0.8813220858573914,2.49158239364624,-0.087938442826271,-0.1496365368366241,146.67059484857393,-0.2736317217350006,-0.2462019771337509,0.0107854846864938,1.3947877883911133,-0.3865221738815307,1.2189114093780518
51.798265625,56.414437255859376,-7.659963522586484,-61.090492698451015,3.003000020980835,177.98492431640625,0.8921874165534973,2.69272518157959,0.0028548461850732,-0.048378050327301,157.24250595697538,-0.0904116556048393,0.6230281591415405,-0.1585865616798401,1.5389165878295898,0.1900738179683685,-0.4162394404411316
51.8294326171875,56.44560424804688,-7.659963522586484,-61.146090161285805,3.002000093460083,178.0453338623047,0.892745316028595,2.696117401123047,0.0268455296754837,-0.049002356827259,160.3835010616684,-0.0041277781128883,0.6784203052520752,0.0842865630984306,0.2096052169799804,0.1357552409172058,-1.599271535873413
52.369283935546875,56.98545556640625,-7.66932778156551,-61.624228346191856,3.002000093460083,178.6140594482422,0.866605281829834,2.4792637825012207,-0.0051009976305067,-0.2064631730318069,150.36025526243455,0.1844184696674347,-0.1545919477939605,-0.0733679234981536,1.6711626052856443,0.6346243619918823,0.4410962760448456
52.796701660156245,57.41287329101562,-7.641235005224099,-62.09124703796509,3.002000093460083,178.67428588867188,0.8722149729728699,2.566499710083008,-0.0303178504109382,-0.23466756939888,152.40980582859413,-0.2214353084564209,0.2565880119800567,-0.0041277781128883,-1.527598857879639,-0.2838970422744751,-0.5404465198516846
53.12937744140625,57.745549072265625,-7.622506487861714,-62.44707080336143,3.002000093460083,177.37045288085938,0.8719797134399414,2.609069585800171,-0.0180474948137998,-0.2147265821695327,155.61022131880884,-0.1948044896125793,0.0595198944211006,0.067242830991745,1.0680274963378906,0.1267426013946533,0.078353926539421
53.800180908203124,58.4163525390625,-7.538228161220165,-63.15871833344677,3.0,175.0357208251953,0.8675183653831482,2.632432699203491,-0.0427403971552848,-0.1861612796783447,155.03575074876866,-0.4121120274066925,0.0541937313973903,0.1876141726970672,-0.4346513748168945,-0.2802157402038574,0.1729271709918975
53.99137915039062,58.60755078125,-7.510135384878752,-63.3699886944824,3.0,174.95924377441406,0.8672014474868774,2.689485788345337,-0.0209151618182659,-0.1668327748775482,158.95790126317036,-0.0669765248894691,-0.2536586225032806,-0.225696250796318,-0.3683910369873047,-0.2521744966506958,1.2086209058761597
54.612597656249996,59.22876928710937,-7.463314092366299,-63.92596332778155,3.0,176.33856201171875,0.8245323896408081,2.051906108856201,0.051492266356945,-0.0825758203864097,133.95262616633457,2.8879799842834477,0.6251586079597473,-0.527157187461853,1.4689416885375977,-2.6026604175567627,-1.3333499431610107
54.79568579101562,59.411857421875,-7.425857058237203,-63.959321805765356,3.0,175.06317138671875,0.6758172512054443,1.5189661979675293,0.0947696194052696,-0.0801255628466606,109.83449684267376,3.10102653503418,0.2118482142686844,-0.1191729456186294,0.0368947982788085,-2.1495583057403564,-0.67671799659729
55.39258837890625,60.00876000976562,-7.322850213637597,-64.27066760004507,3.0,155.14683532714844,0.6164817810058594,0.2722733914852142,0.0971014723181724,-0.121274895966053,46.04969984454257,1.312500238418579,-0.07896039634943,-0.0712374597787857,1.1070003509521484,-1.9531502723693848,1.0889687538146973
55.79176831054687,60.40793994140625,-6.995101162476397,-64.43745998996408,3.0,115.89087677001952,0.6541993021965027,0.0468814708292484,0.0142805641517043,-0.1294351518154144,30.97421535748251,0.6137073636054993,-0.1929403245449066,-0.137281909584999,0.2935047149658203,-0.8083721995353699,0.1254212707281112
55.9708935546875,60.58706518554688,-6.798451732851884,-64.43745998996408,3.0,91.1552734375,0.6678555011749268,0.0129796545952558,-0.0148776369169354,-0.1139459982514381,27.801457322575917,0.2557890713214874,-0.1396786868572235,-0.1713693588972091,0.2161579132080078,0.0003054141998291,0.1733272820711136
56.79740551757812,61.4135771484375,-6.105496597591728,-63.870365864239446,3.0,16.020566940307617,0.416838139295578,0.2185313701629638,-0.0015463756863027,-0.1361231505870819,27.594121264439828,-0.0712374597787857,0.1692388951778412,0.065112367272377,0.1154851913452148,-0.0929495096206665,-0.1189737766981124
57.792535400390626,62.40870703125,-5.674740703022264,-62.780655583199454,3.0,358.9617614746094,0.3016730546951294,0.3426286578178406,-0.003319157520309,-0.1430602520704269,29.35948077715531,0.0225030481815338,0.0861507207155227,-0.0350195355713367,0.4738092422485351,-0.0710666179656982,-0.1073648855090141
58.792487304687505,63.40865893554688,-5.365720169223448,-61.991171604721,3.0,358.6938171386719,0.170218363404274,0.4080657362937927,0.0157023388892412,-0.0465416721999645,26.022168287653997,0.0427424758672714,0.0818897858262062,0.1737661361694336,0.6701202392578125,0.0591225028038024,0.2447117418050766
59.799498779296876,64.41567041015625,-5.103520929128426,-61.435196970714536,3.0,359.6731262207031,0.1102112680673599,0.4722989797592163,0.0572416670620441,-0.0617280639708042,25.945951667973738,0.0438077077269554,-0.0619166679680347,0.0821560993790626,0.2510271072387695,-0.0128334760665893,-0.1198905110359191
60.8026845703125,65.41885620117188,-4.897507239929216,-61.02377574248341,3.0,0.0,0.0822206810116767,0.4431695938110351,0.0276506971567869,-0.071328267455101,25.98686915385681,-0.0435414016246795,-0.0086550181731581,0.0491338744759559,0.1549873352050781,-0.0952832102775573,-0.2845860123634338
61.795425537109374,66.41159716796875,-4.71022206868806,-60.70131045507088,3.0,0.0,0.0613644085824489,0.3800743818283081,0.009945711120963,-0.070853367447853,23.944279923573134,0.319703072309494,0.0467370972037315,-0.0808245539665222,-0.2679624557495117,0.3509276509284973,-0.3575058579444885
62.79513427734374,67.41130590820312,-4.551029672001302,-60.49004009474257,3.0,0.0,0.0656889081001281,0.4323998689651489,0.0112590473145246,-0.0508311837911605,22.47943342631488,0.0374163091182708,0.1202381774783134,0.1332872807979583,-1.511627197265625,-0.8356047868728638,-0.2784956395626068
62.98967358398438,67.60584521484375,-4.532301155234589,-60.45668161605144,3.0,0.0,0.0657422170042991,0.4119937121868133,0.0024370087776333,-0.0623494796454906,22.197566754824557,-0.0350195355713367,-0.1194392517209053,0.064047135412693,1.7944612503051758,-0.0426216721534729,1.0403339862823486
63.76891186523438,68.38508349609376,-4.522936896851233,-60.40108415321666,3.0,0.0,0.0761041492223739,0.2971995174884796,-0.1009262055158615,-0.1025736108422279,21.9769885928758,-0.335415244102478,0.0083887102082371,-0.618767261505127,1.4458866119384766,-0.4863735437393188,0.3185041546821594
63.78727197265625,68.40344360351563,-4.504208379488849,-60.31212821169074,3.0,0.0,0.093653567135334,0.3056231439113617,-0.1039348840713501,-0.0924839377403259,21.818283373106222,-0.3758940994739532,-0.2515281438827514,-0.4770912528038025,2.282122611999512,-0.428773283958435,-0.057198941707611
64.54872412109376,69.16489575195313,-4.4480228279973675,-60.22317227087215,3.0,0.0,0.0437238849699497,0.2485155910253524,-0.0419500768184661,-0.1213031187653541,16.628263688662074,0.8097102642059326,0.4259600639343261,0.32396399974823,-1.1189794540405271,-1.3131287097930908,-1.050449013710022
64.79195581054688,69.40812744140625,-4.457387086380725,-60.000782417411024,3.0,356.7896423339844,0.1342409551143646,0.1685406416654586,-0.0541069619357585,-0.1620322167873382,12.017088607480463,0.0448729395866394,-0.172700896859169,0.2792242169380188,-0.9241600036621094,-0.6669163703918457,-0.3289943933486938
65.03007421875,69.64624584960937,-4.466751345359752,-59.87846799790131,3.0,356.4440612792969,0.1443875730037689,0.164312407374382,-0.0870006456971168,-0.1319467276334762,12.77339857739028,-0.0637808293104171,-0.2717675864696502,-0.1884130984544754,0.7563381195068359,0.114600658416748,-0.7650733590126038
65.7937841796875,70.40995581054688,-4.569758189363687,-59.34473235016047,3.0,352.77508544921875,0.2489973157644271,0.2249209582805633,-0.0676858648657798,-0.13045135140419,13.31733990394687,0.5252930521965027,-0.062981903553009,0.4858794212341308,-2.6178927421569824,0.1447683572769165,-0.977531373500824
65.87084497070313,70.4870166015625,-4.58848670672607,-59.22241793065075,3.0,352.7421875,0.2548270225524902,0.2084060162305832,-0.0810677781701088,-0.1348601132631302,10.980649420631654,0.0171768832951784,0.0797593221068382,-0.0424761660397052,-0.1249837875366211,-0.8484857082366943,-0.2419469356536865
66.43098071289063,71.04715234375,-4.597850965705097,-58.81099670241963,3.0,352.3109741210937,0.3757169544696808,0.2291877269744873,-0.0653922110795974,-0.0928114205598831,8.070007738236297,0.1620485782623291,0.0041277781128883,0.5434020161628723,-0.8656063079833984,-0.3099555969238281,0.7141198515892029
66.79546801757813,71.4116396484375,-4.728950585454773,-58.04375170808485,3.0,350.2005615234375,0.6140688061714172,0.2417526841163635,-0.033383622765541,-0.1687062531709671,6.176511170400208,-0.1937392503023147,0.2768274247646332,0.1077216863632202,1.8744935989379885,-0.3756321668624878,-0.635043740272522
67.11345825195313,71.7296298828125,-4.822593171671022,-57.54337453762049,3.0,351.0649108886719,0.6575904488563538,0.1286743283271789,-0.0501199327409267,-0.1743983328342437,3.014742773830565,0.2440715134143829,0.1404775977134704,0.2014621943235397,-2.120956897735596,-0.641289472579956,0.1966651678085327
67.63494018554688,72.25111181640625,-4.897507239929216,-56.59821766164852,3.0,349.298095703125,0.9158143401145936,0.1824113726615905,-0.0512091889977455,-0.0738553553819656,8.019367993064872,-0.4568518102169037,-0.5103797912597656,0.2983984053134918,-0.0627985000610351,0.5237513184547424,1.499580979347229
67.8012666015625,72.41743823242187,-5.047335377636946,-56.14231846230078,3.0,347.9200744628906,0.9567438960075378,0.2411084026098251,-0.034948244690895,-0.1022755652666091,9.832718542779537,-0.4536561071872711,0.2097177505493164,0.1673747450113296,-0.6349973678588867,0.3584316968917846,0.052064448595047
68.173115234375,72.78928686523437,-5.187799256365648,-55.57522433728346,3.0,349.9698486328125,0.9646047353744508,0.2586483955383301,0.0017202601302415,-0.1011934056878089,10.916109653139744,0.5370106101036072,0.0254324376583099,0.1268958896398544,-1.980912208557129,-0.8071560859680176,-1.3425426483154297
68.75557885742188,73.37175048828125,-5.328263135094351,-54.79685984981586,3.0,355.59674072265625,1.006611466407776,0.1903731822967529,-0.0928398817777633,-0.0286899469792842,14.606369716669668,-0.0627155974507331,0.227826714515686,-0.0360847674310207,-0.5960664749145508,0.1582386791706085,0.7804918885231018
68.79272290039063,73.40889453125,-5.412541462331572,-54.696784416571774,3.0,354.601318359375,1.0034356117248535,0.1957392543554306,-0.084780067205429,-0.0297907683998346,14.53334139026748,-0.3258281648159027,0.2874797582626343,0.0438077077269554,-1.1950559616088867,0.2434809803962707,1.099191427230835
69.374826171875,73.99099780273437,-5.506184048547821,-54.007375871337416,3.0,358.80328369140625,1.011528730392456,0.1925587356090545,-0.0449291095137596,-0.1208826750516891,16.788728800991635,0.4965317547321319,0.4174381792545318,-0.0286281369626522,2.418831825256348,-1.335060954093933,-1.3308699131011963
69.7969462890625,74.41311791992187,-5.646647926680853,-53.57371565684066,3.0,358.92578125,1.0062400102615356,0.0469743162393569,-0.1420874595642089,-0.1599501371383667,12.423061585282456,0.0161116495728492,-0.1055912226438522,0.0991998240351677,1.4785213470458984,-0.296337366104126,-0.8422600030899048
70.07519213867188,74.69136376953125,-5.712197737151361,-53.262369862560945,3.0,358.98736572265625,1.005637764930725,0.1346051543951034,-0.0835155993700027,-0.1025470942258834,11.738162267302208,-0.0286281369626522,0.3375457227230072,0.5913375020027161,-2.4308199882507324,-0.1027951836585998,-0.6286727786064148
70.6354921875,75.25166381835938,-5.768383288642842,-52.6952757368363,3.0,357.5041809082031,0.9879655241966248,0.1515244096517563,-0.0693864822387695,-0.1243133693933487,6.987379349432796,0.5679023265838623,0.1181077137589454,0.3473991155624389,-0.2757167816162109,-0.7426336407661438,-1.913769006729126
70.79676660156251,75.41293823242188,-5.899482908988188,-52.57296131732658,3.0,356.33282470703125,0.9799994826316832,0.0603396818041801,-0.120145671069622,-0.1466519385576248,6.310863142134807,0.5252930521965027,-0.0086550181731581,0.2802894413471222,-2.45796537399292,-0.1882846355438232,0.0216579437255859
71.338453125,75.95462475585937,-6.021218270354507,-52.05034516201123,3.0,357.47198486328125,0.9594285488128662,0.1011513248085975,-0.0652619525790214,-0.1184343323111534,8.622604630202513,-0.225696250796318,0.1649779677391052,0.1908098608255386,-1.705486297607422,-0.1498783826828003,1.0311797857284546
71.77766455078125,76.39383618164062,-6.077403821845987,-51.59444596266349,3.0,358.009033203125,0.9544010758399964,0.168025255203247,-0.0429217778146266,-0.1305015832185745,16.145389591670497,0.1844184696674347,-0.4368786811828613,-0.3801550269126892,2.162321090698242,-1.0581742525100708,0.0501977503299713
71.79465356445313,76.4108251953125,-6.171046407466566,-51.605565455088986,3.0,357.5640563964844,0.9519944787025452,0.1670223176479339,-0.0467683002352714,-0.1274096071720123,16.857202097396012,0.1737661361694336,-0.3569862246513366,-0.2544575333595276,2.3559799194335938,-1.5415185689926147,0.3526793420314789
72.42763525390626,77.04380688476563,-6.274053252066171,-50.993993358955045,3.0,358.0859375,0.9273971915245056,0.1285290867090225,-0.1103233993053436,-0.1188430413603782,22.255351669004565,-0.3151758313179016,0.0882811844348907,-0.1798912286758422,1.3561248779296875,-1.2784137725830078,0.951928973197937
72.79605664062501,77.41222827148438,-6.433245647561587,-50.62705010113322,3.0,358.3063659667969,0.9627640247344972,0.219753012061119,-0.0724874436855316,-0.0795602723956108,24.1181353598347,0.066177599132061,-0.0981345921754837,0.3143768906593323,0.8822832107543945,0.655058741569519,0.990721583366394
72.98683276367188,77.60300439453125,-6.498795458032095,-50.4268992332304,3.0,358.49957275390625,0.9675045609474182,0.2357397973537445,-0.073877178132534,-0.1583037823438644,26.660201424938474,-0.038215234875679,-0.2302234917879104,0.1279611140489578,-0.7178001403808594,0.4904159307479858,-0.1663773655891418
73.64683081054687,78.26300244140624,-6.5643452679069325,-49.73749068799604,3.0,359.0780334472656,0.9555377960205078,0.2412675023078918,-0.1106358766555786,-0.1474859714508056,26.886503582955427,-0.0201062727719545,-0.07896039634943,-0.2246310114860534,0.4369678497314453,-0.0059874057769775,-0.5538161993026733
73.79379443359376,78.40996606445313,-6.704809147231306,-49.61517626848633,3.0,358.37481689453125,0.9530876874923706,0.2820379734039306,-0.0764853283762931,-0.1369271874427795,26.48855485676688,-0.1468690037727356,0.1276948153972625,-0.0818897858262062,-2.2839317321777344,0.211561918258667,0.3058866262435913
74.34770336914063,78.963875,-6.826544508001954,-49.048082142761686,3.0,359.3646850585937,0.949349045753479,0.3248942494392395,-0.0797691643238067,-0.1395902186632156,27.07944266865112,0.6169030666351318,-0.1045259907841682,0.6307511329650879,-1.2419910430908203,-0.718086302280426,-1.287102460861206
74.7921123046875,79.40828393554688,-7.051286713967878,-48.58106345098845,3.0,359.1088562011719,0.961390256881714,0.2656588852405548,-0.1572545617818832,-0.1985917687416076,31.2501359480134,-0.1149120107293129,-0.1045259907841682,-0.1660431921482086,1.4702577590942385,-0.3348056077957153,-0.0631802082061767
74.88905688476564,79.505228515625,-7.1262007834174135,-48.46986852461155,3.0,359.37652587890625,0.9623804092407228,0.2945715188980102,-0.1380141973495483,-0.1619714051485061,31.979233759517637,-0.1596518009901046,0.2011958807706833,-0.4227643609046936,0.8378438949584961,-0.2861776351928711,-0.1628940105438232
75.80118432617188,80.41735595703125,-7.360307247766694,-47.558070125208744,3.0,359.8092346191406,0.9348215460777284,0.2881672084331512,-0.1125748381018638,-0.151515245437622,31.413006682269074,0.3410077095031738,-0.1673747450113296,0.2419410496950149,-2.220611572265625,0.5005861520767212,0.2361427545547485
76.13188281250001,80.74805444335938,-7.435221316620559,-47.22448534537072,3.0,0.5304741859436035,0.9333353638648988,0.3762634396553039,-0.1359475702047348,-0.166410818696022,35.70846634951987,-0.4451342523097992,-0.319703072309494,-0.3109148740768432,0.8366050720214844,-0.0772197246551513,0.6151758432388306
76.79720947265625,81.41338110351562,-7.659963522586484,-46.53507680013635,3.0,1.1184555292129517,0.9270045161247252,0.5334271788597107,-0.0833086967468261,-0.1237522810697555,40.11724156010929,0.2717675864696502,-0.2387453466653823,-0.4355471432209015,3.088573455810547,-0.7131007313728333,0.0353182554244995
76.93100610351563,81.547177734375,-7.725513333056991,-46.39052339577565,3.0,1.6175817251205444,0.926602065563202,0.4561914503574371,-0.1111484616994857,-0.1440575867891311,39.84222538530128,0.6296858787536621,-0.5476629137992859,0.0970693603157997,-0.289250373840332,-0.4990125894546509,0.5827152729034424
77.3930224609375,82.00919409179687,-7.734877590844676,-45.890146226018615,3.000999927520752,4.767035961151123,0.920322060585022,0.4679346680641174,-0.0995229855179786,-0.1858116090297699,39.78889462955649,-0.5623098611831665,-0.4304873049259186,-0.3556546866893768,2.28957748413086,-1.1688679456710815,1.4287351369857788
77.79392041015626,82.41009204101563,-7.856612952806667,-45.42312753424538,3.000999927520752,5.377379417419434,0.9618059992790222,0.593331515789032,-0.0512880198657512,-0.0987566858530044,39.64096022896932,-0.052063263952732,-0.0075897853821516,-0.0030625448562204,0.8012466430664062,1.0339627265930176,0.4641710817813873
78.17371948242187,82.78989111328124,-7.884705728552408,-45.00058681288144,3.000999927520752,5.693966865539551,0.9668222665786744,0.4872161448001861,-0.1028014868497848,-0.1742216348648071,40.05039003187872,0.7436658143997192,-0.0523295737802982,0.1652442663908004,-1.949270248413086,-1.4381577968597412,-1.0329384803771973
78.61444531250001,83.23061694335938,-7.865977211190023,-44.51132913554989,3.009000062942505,6.612593650817871,0.956516444683075,0.4160122275352478,-0.0914119035005569,-0.0940539836883544,31.747617363958724,-0.2374138087034225,-0.1354177445173263,-0.0137148750945925,1.8067855834960935,0.2961592674255371,-0.1056946516036987
78.79586352539063,83.41203515625,-7.9502555390229155,-44.30005877451426,3.009000062942505,5.908257961273193,0.9401587843894958,0.4914722442626953,-0.0628889948129654,-0.1050476804375648,34.16657776148987,-0.3982639908790588,-0.3228987455368042,-0.3130453526973724,-0.1770534515380859,-0.8712732791900635,0.2846822738647461
79.15302905273438,83.76920068359375,-7.987712573152013,-43.92199602426694,3.009000062942505,5.207722187042236,0.9365480542182922,0.5195465087890625,-0.0540084838867187,-0.186663419008255,36.66879815266733,-0.2384790480136871,0.0179758071899414,-0.0041277781128883,1.1462020874023438,0.0560617446899414,0.0491307973861694
79.79454638671875,84.41071801757812,-8.100083676134975,-43.26594595772371,3.009000062942505,2.679606676101685,0.959989368915558,0.4060433506965637,-0.0930257514119148,-0.1062954068183898,30.90974581903582,-0.1671084314584732,0.297066867351532,-0.4696346223354339,2.253608703613281,-0.0634677410125732,-0.497953712940216
80.01677490234376,84.63294653320312,-8.137540710264071,-43.02131711799695,3.009000062942505,2.653261661529541,0.9618555903434752,0.4703697562217712,-0.0535560324788093,-0.0725170820951461,29.821861775053723,-0.8137048482894897,0.249131366610527,-0.3428718745708465,0.2915830612182617,-1.085914134979248,0.8958940505981445
80.53475366210938,85.15092529296875,-8.146904968647428,-42.45422299297963,3.009000062942505,3.2781007289886475,0.9472174644470216,0.5192657709121704,-0.0537951737642288,-0.1266166120767593,34.37546540697025,0.6424686908721924,-0.0416772402822971,0.2834851443767547,-1.1614322662353516,-0.6084635853767395,-2.021634578704834
80.80092333984375,85.41709497070312,-8.146904968647428,-42.17623567597639,3.007999897003174,3.4937243461608887,0.9607624411582948,0.4137622416019439,-0.1133917495608329,-0.146048441529274,31.480369955443543,0.2131797522306442,-0.1844184696674347,0.2046578973531723,-2.469723701477051,0.1533094644546508,-1.1504840850830078
81.23502319335938,85.85119482421875,-8.128176451880714,-41.70921698420316,3.009000062942505,4.808238506317139,0.958246409893036,0.4949026703834533,-0.0751553922891616,-0.1050184741616249,30.70049989092894,-0.9170324802398682,0.2661750912666321,-0.6315500140190125,-0.710118293762207,-0.7199299931526184,1.0547733306884766
81.77562768554688,86.39179931640625,-8.062626642005878,-41.142122858478515,3.013000011444092,6.087220191955566,0.9448233842849731,0.5317649245262146,-0.0945370718836784,-0.1198718771338462,34.98756343234416,0.3644428551197052,-0.2952027022838592,0.2834851443767547,-1.772778034210205,-0.3277921080589294,-1.6182777881622314
81.79640625,86.41257788085937,-8.025169607281109,-41.164361844036826,3.01200008392334,6.37055253982544,0.9431240558624268,0.5252944231033325,-0.1084008812904357,-0.1217663660645484,34.89364638783421,0.2770937383174896,-0.7894708514213562,0.0693733021616935,-1.045026779174805,-0.2303433418273925,-1.1527884006500244
82.43867236328126,87.05484399414063,-7.912798504298148,-40.55278974719556,3.013000011444092,8.848906517028809,0.9664162993431092,0.4840504825115204,-0.1278205066919326,-0.1223408654332161,32.88577664183045,-0.741269052028656,0.292805939912796,-0.4057206213474273,0.8716535568237305,-1.5311180353164673,0.4783942699432373
82.79569116210938,87.41186279296875,-7.791063142336159,-40.25256344463401,3.013000011444092,10.335966110229492,0.9651839137077332,0.4967324435710907,-0.0877419561147689,-0.1260315328836441,32.12008180048172,0.0342206098139286,-0.0906779617071151,0.25898477435112,1.1910200119018557,1.1444494724273682,0.0689303874969482
83.01742968750001,87.63360131835938,-7.725513333056991,-40.0524125767312,3.01200008392334,10.676084518432615,0.9628539681434632,0.5056009888648987,-0.0949039682745933,-0.1001185253262519,32.15162647448434,-0.0957378149032592,-0.5103797912597656,-0.225696250796318,-0.3561058044433594,-0.0841894149780273,-1.1899105310440063
83.79933398437501,88.41550561523438,-7.51949964385778,-39.27404809067825,3.00600004196167,11.738861083984377,0.9658101797103882,0.5227391123771667,-0.0982505530118942,-0.1463115364313125,35.55078275606023,0.3015941083431244,-0.0022636202629655,0.0235682800412178,-2.765192985534668,-0.0584528446197509,-0.3320802450180053
84.20898291015625,88.82515454101562,-7.425857058237203,-38.873746354872615,3.00600004196167,12.698590278625488,0.963004469871521,0.4391444027423858,-0.1118048131465911,-0.1434697657823562,31.590402896663143,0.3186378180980682,-0.237680122256279,0.1343525201082229,-0.5780372619628906,0.0834347009658813,-0.9591006636619568
84.80800512695313,89.4241767578125,-7.276028919933802,-38.195457302771075,3.009000062942505,12.99626636505127,0.9824910759925842,0.4620508253574371,-0.1556328684091568,-0.064083345234394,29.97882518449272,-0.5069177746772766,0.3375457227230072,-0.1362166702747345,0.4144983291625976,-0.8865752220153809,-0.6953421831130981
85.32814282226563,89.944314453125,-7.154293559163153,-37.70619962473221,3.009000062942505,12.864468574523926,0.9580788016319276,0.4766287505626678,-0.1635233908891677,-0.1299198269844055,34.10998131280487,-0.2086525112390518,-0.5881417989730835,-0.160717025399208,2.24983024597168,0.2907372713088989,0.6234911680221558
85.80349462890625,90.41966625976562,-7.060650972946904,-37.31701738205939,3.009000062942505,13.617069244384766,0.9483920335769652,0.3293809294700622,-0.1750812977552414,-0.1471630483865738,29.03119752503112,-0.0414109341800212,0.1181077137589454,0.2536586225032806,1.935358047485352,-0.0383490324020385,-0.6021828651428223
85.92733203124999,90.54350366210936,-7.032558197796835,-37.21694194740066,3.009000062942505,13.873029708862305,0.9459239840507508,0.336791068315506,-0.1759843677282333,-0.1699511706829071,28.991033398475462,-0.2203700840473175,0.1543256342411041,-0.0563241951167583,0.9894742965698242,-0.310487151145935,-0.1444993019104004
86.72876513671875,91.34493676757812,-6.83590876698098,-36.471935939331516,3.0169999599456787,13.398073196411133,0.9364235401153564,0.3248263895511627,-0.1114476472139358,-0.1529616266489029,23.83224217046144,0.2685718834400177,-0.5135754942893982,-0.3322195410728454,0.0513534545898437,-0.5404942035675049,0.4196321964263916
86.79278515624999,91.40895678710936,-6.83590876698098,-36.4608164461987,3.010999917984009,13.246600151062012,0.9459424614906312,0.3080333173274994,-0.1120297014713287,-0.1320277899503708,23.90513768848124,0.3772256374359131,0.3450023531913757,-0.052063263952732,-0.8824939727783203,-0.9520867466926576,-1.065920114517212
87.16988134765627,91.78605297851564,-6.751630439743759,-36.13835115949349,3.010999917984009,12.736684799194336,0.9502150416374208,0.2702991068363189,-0.1141775175929069,-0.1022348701953888,17.664117001624536,-0.1340862065553665,0.0009320789249613,-0.6667027473449707,0.8207588195800781,0.2858003377914428,-0.1374881863594055
87.79125268554687,92.40742431640624,-6.686080629868922,-35.53789855507772,3.010999917984009,10.333675384521484,0.9468998908996582,0.3061880767345428,-0.0736960768699646,-0.1019854247570037,14.527093036374986,0.0235682800412178,0.0254324376583099,-0.0318238362669944,1.1103267669677734,0.5962873697280884,0.3090199828147888
87.97150439453125,92.58767602539062,-6.676716370889895,-35.34886718030772,3.010999917984009,9.64509391784668,0.9553419947624208,0.2529155910015106,-0.1127906963229179,-0.0990768000483512,14.613547707509069,0.1716356724500656,-0.7383396625518799,-0.1138467788696289,0.2676839828491211,-0.6352350115776062,-0.5352011322975159
88.59127954101562,93.207451171875,-6.60180230203603,-34.75953406831744,3.010999917984009,9.099143981933594,0.9287822246551514,0.2052472978830337,-0.1140086948871612,-0.1045701801776886,1.879391669363354,-0.3428718745708465,-0.0459381751716136,-0.2342181056737899,-0.2220573425292968,-0.8880491256713867,0.5332887172698975
88.79376342773439,93.40993505859376,-6.6673521125065385,-34.53714421556364,3.009999990463257,7.850536346435547,0.9269213676452636,0.1625895649194717,-0.1101624965667724,-0.1243395134806633,1.0145397166200183,0.0438077077269554,0.1639127284288406,0.254723846912384,-1.6750783920288086,0.4054864645004272,0.4819903373718261
89.19165307617187,93.80782470703124,-6.6673521125065385,-34.13684247975801,3.009999990463257,7.15529727935791,0.9223099946975708,0.073648877441883,-0.1032364144921302,-0.1622060239315033,354.43974335813783,0.3953346014022827,-0.5572500228881836,0.4443353116512298,-1.506779670715332,0.4988687038421631,-1.1731154918670654
89.67203295898437,94.28820458984374,-6.620530819398414,-33.669823787984775,3.013999938964844,6.395864486694336,0.9183984994888306,-0.004115535877645,-0.1066876649856567,-0.1824974119663238,355.91438329473704,-0.1543256342411041,-0.0608514361083507,-0.3716331720352173,-0.0442876815795898,-0.2654352188110351,1.1630690097808838
89.79185180664064,94.4080234375,-6.686080629868922,-33.525270383624076,3.013000011444092,5.268911838531494,0.9204439520835876,0.0147565128281712,-0.0721380710601806,-0.1674825549125671,356.48624964058484,0.2930722236633301,-0.067242830991745,0.4326177537441253,-2.317035675048828,0.0315147638320922,0.5791272521018982
90.47268432617189,95.08885595703126,-6.695444888252279,-32.846981330815204,3.010999917984009,3.9296562671661377,0.8987475037574768,0.0186314471065998,-0.132748082280159,-0.1441185176372528,2.330970043953025,0.1652442663908004,-0.2802894413471222,0.001198387122713,-0.6382026672363281,-0.3325474262237549,0.5636032819747925
90.79498022460938,95.41115185546874,-6.864001542726721,-32.40220162389296,3.009999990463257,2.354738712310791,0.9194756746292114,-0.0409569218754768,-0.1556687504053115,-0.1667127907276153,7.125016348901798,0.2557890713214874,-0.0097202509641647,0.2248973250389099,1.482773780822754,-0.5267926454544067,-0.0276519060134887
90.91538159179689,95.53155322265626,-6.920187094218202,-32.22428974154845,3.009999990463257,2.416088104248047,0.9329209923744202,-0.0379141494631767,-0.1526623964309692,-0.1477160602807998,11.088079899734389,-0.139412373304367,-0.25898477435112,-0.2267614752054214,0.3886480331420898,-0.3349068164825439,0.3582886457443237
91.51638525390625,96.13255688476562,-6.957644128347299,-31.579359166723385,3.009999990463257,2.637013912200928,0.9323303699493408,0.0962175652384758,-0.0987014099955558,-0.1267548948526382,17.979850034691598,-0.1671084314584732,-0.4038564562797546,-0.4547213613986969,2.502714157104492,-0.2367222309112548,0.1520593166351318
91.7984997558594,96.41467138671877,-7.13556504180077,-31.179057430917755,3.003000020980835,0.1037409156560897,0.9358682632446288,0.0450962409377098,-0.1442018747329712,-0.1177539601922035,19.72163798200709,0.32396399974823,0.0318238362669944,0.1812227666378021,-1.881990909576416,0.1535409688949585,-0.4636000394821167
92.2953740234375,96.91154565429687,-7.229207627421349,-30.611963305193115,3.003000020980835,359.7434997558594,0.9320859313011168,0.1098417714238166,-0.1736475527286529,-0.0500735528767108,20.264725654801666,-0.210782989859581,0.2864145338535309,-0.1255643367767334,0.9166030883789062,-0.5983138084411621,-0.4082390069961548
92.75535864257813,97.3715302734375,-7.285393178912829,-30.089347149170443,3.003000020980835,359.45123291015625,0.9250369668006896,0.1684450805187225,-0.1640769094228744,-0.1218971610069274,23.36622031090906,-0.3609808385372162,-0.6445991396903992,-0.2001306563615799,3.026649475097656,-1.0170879364013672,-0.0014983415603637
92.78876928710937,97.40494091796874,-7.407128540874818,-29.97815222279354,3.003000020980835,358.1275329589844,0.92528235912323,0.1780706942081451,-0.1651651710271835,-0.1147304028272628,24.410739657508863,-0.0968030542135238,0.1521951705217361,-0.2853493094444275,1.5852546691894531,-1.3483610153198242,-0.9125463962554932
93.29514379882814,97.9113154296875,-7.547592419603522,-29.377699619085096,3.003000020980835,357.2320251464844,0.9274512529373168,0.080213576555252,-0.2181200385093689,-0.128018632531166,25.95518319256933,0.0395467765629291,-0.1652442663908004,-0.0137148750945925,-0.1762256622314453,-0.1011959314346313,0.7610437870025635
93.79615332031251,98.41232495117188,-7.8472486938276385,-28.721649552541862,3.003000020980835,354.4595947265625,0.9267069101333618,0.1850743144750595,-0.1653022468090057,-0.1063326969742775,26.61274433089645,-0.0019973118323832,-0.0693733021616935,0.1599181145429611,-0.0580949783325195,0.6344770193099976,0.6899937391281128
93.97658544921875,98.59275708007812,-7.9502555390229155,-28.477020712815104,3.003000020980835,353.822509765625,0.931329905986786,0.2122956663370132,-0.1057854071259498,-0.1335576176643371,26.713998990822287,-0.1426080763339996,0.0659112930297851,-0.2374138087034225,-0.2887039184570312,0.2627073526382446,0.0271635055541992
94.7988435058594,99.41501513671876,-8.3248258821009,-27.487385866433844,3.0,350.8939819335937,0.930261254310608,0.3905733227729797,-0.1132539138197898,-0.1425461918115615,34.233908069429184,-0.7199643850326538,0.0233019720762968,-0.7199643850326538,-1.413190841674805,-1.071995973587036,-0.7636318802833557
94.867669921875,99.48384155273438,-8.390375691975736,-27.365071446924127,3.0,350.89666748046875,0.9276372790336608,0.4166542887687683,-0.092688113451004,-0.1252491772174835,34.73742241813359,0.0960041284561157,0.3929378390312195,0.1023955270648002,-1.8264164924621584,-0.868320643901825,-1.9503417015075684
95.34743164062499,99.96360327148436,-8.521475312321082,-26.831335799183286,3.0,352.0958557128906,0.9415563344955444,0.3001907467842102,-0.1128132417798042,-0.146403893828392,28.250707311410984,0.3442034125328064,-0.2419410496950149,0.1428743749856948,-0.1593284606933593,-0.4910472631454468,-0.4220433831214905
95.80635522460939,100.42252685546876,-8.605753639558303,-26.31983913629343,3.003000020980835,354.079833984375,0.943386733531952,0.2852634787559509,-0.0730650648474693,-0.1230123341083526,23.509216280220077,-0.4376776218414306,0.0637808293104171,-0.6517894268035889,0.624237060546875,-0.3810867667198181,0.9273341298103333
96.56815039062501,101.18432202148438,-8.91477417276145,-25.44139921558175,3.003999948501587,352.2624816894531,0.9572089314460754,0.2991207540035248,-0.0986552760004997,-0.1034905388951301,26.95912441489837,0.4805532395839691,-0.6477948427200317,-0.1926740258932113,-1.7400364875793457,0.2996377944946289,0.0099794864654541
96.7931208496094,101.40929248046876,-9.102059344002605,-25.107814435743727,3.003000020980835,350.90203857421875,0.9755770564079284,0.2238556742668151,-0.1422833204269409,-0.1382887512445449,29.60672790393053,0.0501991063356399,-0.5497934222221375,0.4528571963310241,-0.8473663330078125,0.5637341737747192,0.4647966623306274
97.06715087890628,101.68332250976565,-9.223794705964595,-24.763110163480206,3.003000020980835,350.6671142578125,0.976172685623169,0.3969455659389496,-0.1525265872478485,-0.0674714222550392,35.74373387275172,-0.887205958366394,0.3194367587566376,-0.5750926733016968,5.848115921020508,-2.124186992645264,-0.0769246816635131
97.78875732421875,102.40492895507812,-9.38298710205568,-23.97362618429444,3.003999948501587,350.4630126953125,0.9576616287231444,0.3582984507083893,-0.0996929407119751,-0.074543111026287,34.13325093590235,0.5178363919258118,-0.4794880151748657,-0.1958697289228439,0.5704231262207031,0.1939461231231689,0.1796063184738159
97.79624658203127,102.41241821289064,-9.411079877801422,-23.91802872145965,3.003999948501587,350.42010498046875,0.951203465461731,0.3542449474334717,-0.1048815473914146,-0.0719650164246559,34.10428929725342,0.5082492828369141,-0.4784227907657623,-0.2043915838003158,0.8255805969238281,-0.0301661491394042,0.2581620216369629
98.79333398437501,103.40950561523438,-9.495358205634313,-22.72824300576093,3.003999948501587,350.0826110839844,0.9394784569740297,0.4929468929767608,-0.0641566067934036,-0.1926215589046478,34.41383426800083,-0.2501966059207916,0.0201062727719545,0.0576557368040084,2.147934913635254,0.7527632713317871,-0.0866650342941284
98.99267797851563,103.608849609375,-9.514086722401027,-22.483614167448817,3.003999948501587,349.5203857421875,0.937684953212738,0.4616456925868988,-0.1019403263926506,-0.1710795909166336,33.65792452638041,0.2973331809043884,0.0083887102082371,-0.3801550269126892,0.6756372451782227,-1.0077203512191772,-0.2025477886199951
99.41266723632813,104.0288388671875,-9.589000791254891,-22.016595475675583,3.003999948501587,349.8415832519531,0.9453198313713074,0.4053656458854675,-0.1027519851922988,-0.1162466332316398,26.76239521245233,-0.2576532363891601,-0.7564486265182495,-0.8147701025009155,2.7404489517211914,-0.6599893569946289,1.607655048370361
99.79757739257813,104.4137490234375,-9.47662968827193,-21.482859827934742,3.003000020980835,353.0492248535156,0.9574524164199828,0.4898009598255157,-0.0554971285164356,-0.046531643718481,24.65463389114089,-0.8307486176490784,0.4376776218414306,-1.0609720945358276,-0.3430013656616211,0.6205959916114807,1.4062995910644531
100.15315673828125,104.76932836914062,-9.439172654142833,-21.060319105863478,3.003999948501587,353.9021301269531,0.9617598056793212,0.4767697155475616,-0.0872198641300201,-0.0616277977824211,26.17443333955524,0.1833532303571701,-0.2770937383174896,0.0150464167818427,0.0306949615478515,-1.01959490776062,-1.7897288799285889
100.71533886718751,105.33151049804688,-9.44853691193052,-20.404269039320244,3.0169999599456787,355.5594482421875,0.9841575026512146,0.4003930985927582,-0.1081593185663223,-0.0842442065477371,27.01048928393702,0.2462019771337509,0.7018554210662842,0.6350120306015015,0.6872072219848633,-0.1742562055587768,0.1641141176223755
100.79261230468751,105.40878393554688,-9.270615998477048,-20.21523766384292,3.0160000324249268,357.7019348144531,0.981596052646637,0.3971323072910309,-0.1051024496555328,-0.1055855527520179,25.219856156852394,-0.5623098611831665,-0.1450048387050628,-0.4834826290607452,-0.4474592208862304,-0.2503101229667663,2.3263347148895264
101.41266064453127,106.02883227539064,-9.111423602981633,-19.470231655773773,3.0179998874664307,359.970947265625,0.9964740872383118,0.420134574174881,-0.1054625138640403,-0.2054506242275238,31.022437746642325,0.254723846912384,-0.9854736924171448,-0.037150003015995,-0.4788389205932617,-0.5148416757583618,-0.2702921032905578
101.79759960937498,106.41377124023435,-8.858588621269968,-18.936496006618285,3.0199999809265137,2.2714269161224365,1.0078177452087402,0.3758005499839782,-0.1183297485113143,-0.1873840689659118,32.678960997116896,-0.2043915838003158,0.2459356784820556,-0.1894783228635788,2.566044807434082,-0.3370739221572876,0.370374321937561
101.85242260742189,106.46859423828126,-8.783674552416104,-18.825301080241385,3.0179998874664307,2.4398133754730225,1.0089409351348877,0.3912625014781952,-0.1185718551278114,-0.1809569597244262,32.48643634828404,-0.3705679476261139,-0.2952027022838592,-0.1916087865829467,2.790006637573242,-0.3373329639434814,1.3316726684570312
102.5335075683594,107.14967919921877,-8.680667708412168,-18.113653550156037,3.0299999713897705,3.885321140289306,1.002467155456543,0.5226390957832336,-0.0594694502651691,-0.1757744550704956,38.23820739878282,0.4283568263053894,0.1980001926422119,0.1737661361694336,0.9484901428222656,-1.1758184432983398,-1.8471167087554927
102.79551269531251,107.41168432617188,-8.427832726104834,-17.646634858382804,3.0299999713897705,6.5619401931762695,1.057416558265686,0.415871113538742,-0.076008602976799,-0.1376449316740036,32.50421908499717,0.2621804773807525,-0.2142449915409088,-0.0030625448562204,-1.630174160003662,0.8917397260665894,-0.3663254976272583
103.25336181640625,107.86953344726562,-8.23118329648032,-17.035062762248863,3.0360000133514404,8.236343383789062,1.0646542310714722,0.4823848605155945,-0.0661444887518882,-0.1470789909362793,32.02772794898398,-0.4824174046516418,-0.025698747485876,-0.4067858755588531,1.2459211349487305,-1.1588776111602783,0.0366264581680297
103.79554248046875,108.41171411132812,-7.809791659698542,-16.35677370944,3.0360000133514404,10.580609321594238,1.0121196508407593,0.4418002367019653,-0.0807452946901321,-0.1132440865039825,30.07377751824916,0.6520557403564453,0.0243672057986259,0.2493976801633834,-1.889275074005127,0.251502513885498,-1.5314353704452517
104.35639990234375,108.97257153320312,-7.547592419603522,-15.778560090582538,3.039999961853028,10.522100448608398,0.9571118354797364,0.4481891393661499,-0.1411226093769073,-0.0816299319267273,29.64345210291844,-0.381220281124115,0.7316819429397583,0.3932041525840759,2.7252769470214844,-2.066457748413086,-0.5499438047409058
104.7941794433594,109.41035107421877,-7.238571886400376,-15.244824442841697,3.039999961853028,11.71932888031006,0.962161123752594,0.5181811451911926,-0.1279301345348358,-0.1114497482776641,30.968547982445955,-0.0041277781128883,0.2225005477666854,0.2653761804103851,1.5592927932739258,0.5278863906860352,0.5035852193832397
105.05683398437499,109.67300561523436,-7.098108007671674,-14.944598140280153,3.039999961853028,11.9885835647583,0.9740332365036012,0.501595139503479,-0.110020212829113,-0.1059524044394493,29.12581396849192,0.1844184696674347,-0.5327496528625488,-0.292805939912796,-1.7161808013916016,0.425750732421875,0.0838572978973388
105.68738476562501,110.30355639648438,-6.901458576855819,-14.32190655172072,3.046999931335449,15.941515922546388,0.9542029500007628,0.4985197782516479,-0.1280048191547393,-0.0908585339784622,24.366951647489824,-0.316241055727005,-0.4954665005207062,-0.3343500196933746,-1.1114025115966797,0.2807363271713257,2.4721384048461914
105.79500708007814,110.4111787109375,-6.789087473872858,-14.143994668668892,3.0369999408721924,17.337106704711914,0.9589369893074036,0.5160682797431946,-0.1447355896234512,-0.0499598756432533,25.146876241560296,0.5753589868545532,0.0669765248894691,0.5902722477912903,-1.0040082931518557,-0.4155050218105316,-0.4648520946502685
106.34802416992187,110.96419580078124,-6.545616750544549,-13.565781050518755,3.0339999198913574,19.64048385620117,0.9347878694534302,0.3253818154335022,-0.1125471070408821,-0.0995758026838302,19.791426483807424,0.2408758103847503,-0.5114449858665466,-0.3109148740768432,-0.6857566833496094,0.0766181349754333,0.3375958204269409
106.79478979492187,111.41096142578124,-6.320874544578625,-12.954208953677494,3.0280001163482666,19.37146759033203,0.9709776043891908,0.3095773458480835,-0.1459872722625732,-0.0845092684030532,18.38281490184188,-0.1149120107293129,0.050998032093048,-0.1564560979604721,1.2491559982299805,0.0314726829528808,-1.3137829303741455
106.9858046875,111.60197631835938,-6.227231958958047,-12.698460622939889,3.0309998989105225,18.425844192504883,0.9725300073623656,0.3468563258647918,-0.1381034702062606,-0.0976281687617302,18.27475601384562,-0.8712274432182312,-0.5870765447616577,-0.634745717048645,0.6008596420288086,-0.7249099612236023,2.1972548961639404
107.42777099609376,112.04394262695313,-6.068039563462631,-12.231441931166653,3.0280001163482666,16.3967342376709,0.9253548383712769,0.3573220372200012,-0.1078338027000427,-0.1043047681450843,24.22936461857674,-0.037150003015995,0.3663070201873779,-0.0808245539665222,1.1843976974487305,0.3493585586547851,-0.5146510601043701
107.80010717773438,112.41627880859374,-5.899482908988188,-11.630989327458208,3.0169999599456787,15.683862686157228,1.0409448146820068,0.2605572938919067,-0.1395863145589828,-0.1080200225114822,26.18972139321642,-0.0712374597787857,-0.2291582524776458,0.0917431935667991,-1.896927833557129,0.463265061378479,-0.0174378156661987
108.13014819335937,112.74631982421874,-5.768383288642842,-11.163970634270326,3.0160000324249268,15.749641418457031,1.0656535625457764,0.4175183773040771,-0.1601054668426513,-0.0876782238483429,36.30013907453566,-0.5591141581535339,0.4014596939086914,-0.1362166702747345,3.83272647857666,-2.139342784881592,-0.3795629739761352
108.79945385742187,113.41562548828124,-5.4780912722064095,-10.218813758298362,3.010999917984009,17.18963623046875,1.0895763635635376,0.4401754736900329,-0.0928620547056198,-0.0747444480657577,36.347907847368006,0.5327496528625488,0.232087641954422,0.2952027022838592,0.050276756286621,-0.2038543224334716,-0.955431580543518
108.8496435546875,113.46581518554687,-5.440634238077313,-10.10761883192146,3.009999990463257,17.25342559814453,1.0909128189086914,0.4115773737430572,-0.092833437025547,-0.0945974364876747,34.364501086745506,0.5679023265838623,-0.1087869256734848,0.3473991155624389,-2.3278908729553223,0.3941342234611511,-0.2426923513412475
109.31632812499998,113.93249975585935,-5.290806100369583,-9.618361154589916,3.009000062942505,18.865833282470703,1.0141457319259644,0.4186644852161407,-0.1179170906543731,-0.078507974743843,31.83709958923601,-0.1884130984544754,0.0190410409122705,-0.2310224175453186,0.7328166961669922,0.2190824151039123,0.3143833875656128
109.79253833007813,114.4087099609375,-5.1222494458951395,-8.828877175404148,3.00600004196167,18.631689071655277,1.0853271484375,0.4690984785556793,-0.1708307713270187,-0.0843141749501228,35.28053549760196,0.0235682800412178,0.0083887102082371,-0.0744331553578376,1.2952117919921875,0.2664951682090759,0.2072809934616089
109.98984301757812,114.6060146484375,-5.047335377636946,-8.506411887991616,3.00600004196167,18.346027374267575,1.0924865007400513,0.4666201174259186,-0.1236673071980476,-0.1138386130332946,33.589783132541825,0.0246335137635469,0.2981320917606354,0.0246335137635469,-0.1371774673461914,0.4963185787200928,-0.5896622538566589
110.62974438476563,115.245916015625,-4.841321688437735,-7.794764357198947,3.013000011444092,17.697601318359375,1.008616924285889,0.384735643863678,-0.172439768910408,-0.1276419013738632,35.72023971635957,-0.251261830329895,-0.0906779617071151,-0.1053249165415763,0.4679985046386719,0.1816283464431762,-0.3592308759689331
110.78950610351563,115.405677734375,-4.831957429458708,-7.416701606951626,3.006999969482422,16.757814407348633,1.0551751852035522,0.4470380842685699,-0.1289840936660766,-0.1072941124439239,35.74168153911856,-0.3620460629463196,-0.0310249123722314,-0.0360847674310207,-2.4841480255126958,-0.0217959880828857,-0.1643059253692627
111.23033276367187,115.84650439453124,-4.71022206868806,-6.771771032126561,3.006999969482422,15.320914268493652,1.063188552856445,0.4907989799976349,-0.1208632066845893,-0.111266516149044,36.53889064776153,-0.1223686411976814,0.210782989859581,-0.0563241951167583,0.6400899887084961,0.1058765649795532,0.0661396980285644
111.78629199218751,116.40246362304688,-4.6540365171965785,-5.882211619696709,3.006999969482422,13.806865692138672,1.026948094367981,0.4352393746376037,-0.1676826179027557,-0.1326089352369308,36.36452518481381,-0.1159772425889968,-0.1780270636081695,0.2941374778747558,0.9620399475097656,-0.307894229888916,0.5788410902023315
111.93246020507813,116.5486318359375,-4.644672258217551,-5.637582780677275,3.006999969482422,13.844667434692385,1.024358153343201,0.4747571349143982,-0.1768612712621688,-0.1270157545804977,40.1782147463633,-0.2949363887310028,-0.1780270636081695,-0.1351514458656311,0.6193819046020508,-0.7805691957473755,1.2937288284301758
112.59236621093751,117.20853784179688,-4.485479862722135,-4.88145727947531,3.013999938964844,15.13877773284912,0.9325202703475952,0.5032997727394104,-0.0806570425629615,-0.0653794184327125,35.585401329110084,0.3548557460308075,-0.0331553779542446,-0.0478023327887058,-0.1110048294067382,-0.2766188383102417,-1.312058687210083
112.7934912109375,117.40966284179687,-4.494844120509821,-4.458916558818693,3.013000011444092,14.51999855041504,0.9744536876678468,0.4089404642581939,-0.0924422442913055,-0.0675260573625564,32.466558259473395,0.5252930521965027,-0.0033288532868027,0.1215697154402732,-1.565840721130371,0.2032836675643921,-0.416888415813446
113.09217089843752,117.70834252929689,-4.43865856901834,-4.03637583674743,3.013000011444092,14.348308563232422,0.990591287612915,0.3895541429519653,-0.1451914757490158,-0.1252855509519577,33.508915641450294,-0.3599156141281128,0.2640446424484253,-0.1948044896125793,1.0718584060668943,-0.628228485584259,0.2287725210189819
113.79776000976562,118.413931640625,-4.429294310634984,-3.091218960775466,3.013000011444092,10.641254425048828,0.9323385953903198,0.4855868220329284,-0.0887088850140571,-0.1142462044954299,33.78132885014868,0.3133116662502289,-0.1407439112663269,-0.3364804685115814,0.1844110488891601,-0.3658506274223327,-0.3825497627258301
113.9373825683594,118.55355419921877,-4.43865856901834,-2.8910680928726507,3.013999938964844,10.19460391998291,0.9293714761734008,0.4283801019191742,-0.10031358897686,-0.1042799800634384,32.11727574465087,0.4049217104911804,-0.0683080703020095,0.0512643381953239,-1.0668106079101562,0.1091442108154296,-0.6585034132003784
114.57880737304687,119.19497900390624,-4.363744500760147,-2.23501802491477,3.013999938964844,10.02470874786377,0.8891682624816895,0.4831795394420624,-0.1009516045451164,-0.1070440262556076,33.87013954689801,-0.1085206121206283,0.6890726089477539,0.4603138267993927,-0.6295251846313477,-0.8030487298965454,-0.8931623101234436
114.79445898437501,119.41063061523438,-4.485479862722135,-1.868074767092942,3.013999938964844,8.525203704833984,0.895063042640686,0.5221591591835022,-0.0974844247102737,-0.107233740389347,34.72604543454894,0.2291582524776458,0.2565880119800567,0.1844184696674347,-2.050563335418701,-0.1561453342437744,-0.930109679698944
115.13796582031252,119.75413745117189,-4.513572637872206,-1.4232950601706928,3.013999938964844,8.385943412780762,0.8935367465019226,0.5189851522445679,-0.0671745389699935,-0.1100984662771225,33.78826004330484,0.1023955270648002,-0.0246335137635469,-0.4717650711536407,0.115361213684082,-0.3789348006248474,-0.707027792930603
115.79182250976562,120.407994140625,-4.6634007749842645,-0.6004526037084457,3.006999969482422,8.67292594909668,0.8943478465080261,0.4114925861358642,-0.1143411174416542,-0.1428859382867813,31.85614246317657,-0.052063263952732,-0.2600499987602234,0.3314206302165985,0.7059307098388672,-0.1184415817260742,0.5845253467559814
116.13841064453125,120.75458227539062,-4.691493551325676,-0.21127036032830837,3.00600004196167,8.865242958068848,0.8907763361930847,0.4936520457267761,-0.0927616357803344,-0.1573429554700851,34.46771330266126,-0.012649642303586,-0.1865489333868026,-0.0307586044073104,-1.5324325561523438,0.2429429292678833,0.0127282738685607
116.58846777343751,121.20463940429688,-4.672765033963292,0.17791188305182892,3.00600004196167,8.493237495422363,0.8487216234207153,0.4367955923080444,-0.0736530870199203,-0.1563633978366851,31.832053368219963,0.5189016461372375,0.2118482142686844,0.4752270877361297,-0.5773153305053711,-1.3227386474609375,-1.1164296865463257
116.79524633789063,121.41141796875,-4.766407620179541,0.5226161560226705,3.00600004196167,7.136812210083008,0.8686664700508118,0.4008366167545318,-0.0637456625699997,-0.1410561800003051,29.942619306836693,0.1013302877545356,0.1234338730573654,-0.0712374597787857,-0.2089958190917968,-0.9599568247795104,-0.1199071407318115
117.12730859374999,121.74348022460936,-4.803864654308637,0.9340373842537941,3.00600004196167,6.860251426696777,0.8639981150627136,0.4290922284126282,-0.0568578392267227,-0.1068816483020782,28.838279801268868,-0.2427399754524231,0.1159772425889968,-0.0978682860732078,0.5139408111572266,-0.8938040733337402,0.2502611875534057
117.76796289062499,122.38413452148436,-4.766407620179541,1.5900874515043517,3.0,6.633574962615967,0.838678240776062,0.4743580818176269,-0.0606103837490081,-0.1005520969629287,30.800941928430163,-0.0414109341800212,-0.067242830991745,-0.0627155974507331,0.1904487609863281,-0.0172674059867858,-0.2076680064201355
117.79070458984376,122.40687622070313,-4.869414464183476,1.7457603489978712,3.0,5.534847259521484,0.863581120967865,0.4761742353439331,-0.0613707229495048,-0.0999846458435058,31.24485088857404,-0.0254324376583099,-0.0778951644897461,0.0054593193344771,0.1980781555175781,-0.1087315678596496,-0.3020026087760925
118.79755224609374,123.41372387695311,-5.028606860274562,2.8910680935799737,3.0,4.3429484367370605,0.8514993190765381,0.4421814084053039,-0.0585260726511478,-0.0961412638425827,29.879897452880247,-0.037150003015995,0.0094539429992437,-0.0296933706849813,-0.045755386352539,0.0925177931785583,0.0038557052612304
119.79027807617189,124.40644970703126,-5.1222494458951395,3.3914452626296887,3.0,3.49313759803772,0.512983500957489,0.4425065815448761,-0.0462916754186153,-0.0800798013806343,29.136891723161902,-0.0179758071899414,0.0147801078855991,-0.0552589632570743,0.15673828125,-0.0295962691307067,-0.0891473591327667
120.78863110351563,125.404802734375,-5.056699635424631,3.2024138878596897,3.0,3.605550527572632,0.1611682176589965,0.4264527261257171,-0.0459299050271511,-0.0735762491822242,27.139219020005577,0.1279611140489578,-0.2408758103847503,-0.0009320789249613,1.3817453384399414,-0.4531676173210144,0.3818370997905731
121.53224389648437,126.14841552734374,-5.0192426012955345,2.913307077723637,3.0,0.0,0.0792268067598342,0.4539090096950531,-0.0098730251193046,-0.0502324700355529,26.270129053675515,0.1695052087306976,-0.2909417748451233,0.2653761804103851,0.6935195922851562,0.3066043853759765,0.4701107740402221
121.79420629882813,126.4103779296875,-5.047335377636946,2.857709614888848,3.0,0.0,0.0685877054929733,0.4727409780025482,0.0104389172047376,-0.0511960498988628,27.086879762520383,-0.0105191757902503,0.1074553802609443,0.0054593193344771,-1.4577274322509766,0.2880547046661377,-0.0068152397871017
121.99252416992186,126.60869580078123,-5.0660638944036585,2.846590121756032,3.0,5.230669498443604,0.104216493666172,0.4644908905029297,0.0071781175211071,-0.0545196905732154,27.075049029009172,-0.0158453416079282,0.1926740258932113,0.012915950268507,-1.7502870559692385,0.226472795009613,-0.0194834619760513
122.61223291015625,127.22840454101562,-5.0660638944036585,2.8243511376123687,3.0,0.0,0.0724334567785263,0.4545802175998688,-0.0068809855729341,-0.0669658035039901,27.77392684191915,-0.0030625448562204,-0.1258306503295898,0.0310249123722314,0.130228042602539,0.1913709640502929,0.240782156586647
122.79684741210939,127.41301904296876,-5.103520929128426,2.835470630037862,3.0,0.0,0.0670856386423111,0.4796927273273468,0.0092992056161165,-0.0914874672889709,27.964934942960262,-0.0989335179328918,0.2906754612922668,0.07896039634943,-0.4223232269287109,-0.3986487984657287,-0.9906573295593262
