t_s,clean_gps_x_m,clean_gps_y_m,observed_gps_x_m,observed_gps_y_m,gps_jump_active,observed_gps_error_to_clean_m,jump_kalman_x_m,jump_kalman_y_m,jump_kalman_vx_mps,jump_kalman_vy_mps,jump_kalman_speed_mps,gps_horizontal_accuracy_m,innovation_norm_m,residual_norm_m,position_error_to_clean_gps_m,kalman_position_std_x_m,kalman_position_std_y_m,jump_kalman_step_distance_m,jump_kalman_cumulative_distance_m
0.0,0.0,0.0,0.0,0.0,False,0.0,0.0,0.0,0.0,0.0,0.0,11.27299976348877,0.0,0.0,0.0,3.044750574777699,3.044750574777699,0.0,0.0
2.997633056640625,-4.551029672001302,-5.915570096973188,-4.551029672001302,-5.915570096973188,False,0.0,-2.091003729919229,-2.717951766710883,-0.7353111934430059,-0.9557803884825711,1.2059016138186698,8.887999534606934,7.4636345467633705,4.034413293373187,4.034413293373187,6.024577471142637,6.024577471142637,3.4292212533901827,3.4292212533901827
3.790923828125001,-4.569758189363687,-7.728047401231342,-4.569758189363687,-7.728047401231342,False,0.0,-3.562224560331356,-5.467929154269089,-1.0036222725264508,-1.5576608103609426,1.8529880911774543,8.317999839782715,4.655234150754956,2.4745218737935586,2.4745218737935586,5.693080527454247,5.693080527454247,3.1187924528445308,6.5480137062347135
4.788760742187501,-4.073452484919385,-10.352247670233572,-4.073452484919385,-10.352247670233572,False,0.0,-4.321560528970879,-8.666880436801181,-0.9404270271131482,-1.9869382904018298,2.198255390801947,7.63100004196167,3.3659172935598307,1.7035317176532434,1.7035317176532434,5.362849591239997,5.362849591239997,3.2878382595990696,9.835851965833783
5.788987548828125,-3.970445640319779,-11.6087503418999,-3.970445640319779,-11.6087503418999,False,0.0,-4.511871959205577,-11.208689161278638,-0.761793513804747,-2.1189310135848274,2.251710016411218,5.8480000495910645,1.6061336915790376,0.6731949249825813,0.6731949249825813,4.457004692894006,4.457004692894006,2.5489233084397998,12.384775274273583
6.031937744140626,-3.923624347211655,-11.808901209802713,-3.923624347211655,-11.808901209802713,False,0.0,-4.405806714917688,-11.755641957540828,-0.6919874972368285,-2.126641408022259,2.236392267614737,6.078999996185303,0.7780285624379083,0.48511481494393754,0.48511481494393754,3.7299606512122074,3.7299606512122074,0.557141990326414,12.941917264599997
6.670880126953126,-3.811253244228693,-12.053530048114824,-3.811253244228693,-12.053530048114824,False,0.0,-4.508187425083726,-12.766746268067806,-0.6072077824900693,-2.039881037615124,2.128336425177717,6.251999855041504,1.4833308942623502,0.9971933758545005,0.9971933758545005,3.5791467716567333,3.5791467716567333,1.0162744395980536,13.95819170419805
6.790715820312499,-3.895531571465914,-12.509429247462569,-3.895531571465914,-12.509429247462569,False,0.0,-4.388629000410033,-12.870404905114732,-0.5586866275057617,-2.0043607635224197,2.080767362801988,5.906000137329102,0.8494543407848727,0.6111043281214039,0.6111043281214039,3.1284629958347647,3.1284629958347647,0.15823820633741276,14.116429910535462
7.273615234375001,-3.801888985845336,-12.80965554931679,-3.801888985845336,-12.80965554931679,False,0.0,-4.418864787473638,-13.550616196325995,-0.49510098230127464,-1.927997216221421,1.9905522470995922,5.692999839782715,1.3385707880941562,0.9642000934511393,0.9642000934511393,3.0107273145677667,3.0107273145677667,0.6808829587459576,14.79731286928142
7.789001708984374,-3.773796210099596,-13.688095469321148,-3.773796210099596,-13.688095469321148,False,0.0,-4.416306051507301,-14.299164507123665,-0.4243738402417813,-1.8607310611223402,1.9085107382739628,5.4670000076293945,1.2423680123782075,0.8866928810285153,0.8866928810285153,2.9251671951710123,2.9251671951710123,0.7485526840027964,15.545865553284216
7.832535888671876,-3.867438795720174,-13.821529381256358,-3.867438795720174,-13.821529381256358,False,0.0,-4.2995154828219,-14.246979177241395,-0.3870954057155186,-1.8240243772458598,1.8646468249813979,5.290999889373779,0.7962136700579802,0.6063808971599551,0.6063808971599551,2.5835004016799434,2.5835004016799434,0.1279192932625128,15.673784846546729
8.4737783203125,-3.79252472746198,-14.288548073736916,-3.79252472746198,-14.288548073736916,False,0.0,-4.342625449963966,-15.11024200084252,-0.327210978392885,-1.7345740852422398,1.765166927396608,5.081999778747559,1.3575326299310508,0.9888335121442016,0.9888335121442016,2.6484730157463607,2.6484730157463607,0.8643385747950731,16.5381234213418
8.789412353515624,-3.895531571465914,-14.955717633412968,-3.895531571465914,-14.955717633412968,False,0.0,-4.3041683474182095,-15.476944589409438,-0.2851528715502224,-1.6809278637207228,1.7049430029141885,4.935999870300293,0.8920399391065452,0.6623152982666434,0.6623152982666434,2.5048791656848075,2.5048791656848075,0.3687136249149102,16.90683704625671
8.993162353515626,-3.9517171229573953,-15.289302413250994,-3.9517171229573953,-15.289302413250994,False,0.0,-4.25969590570359,-15.686985336646329,-0.2543438027464719,-1.6411451214171382,1.6607372096592554,4.61299991607666,0.670515729214126,0.5029936760855823,0.5029936760855823,2.305764535709473,2.305764535709473,0.21469726028035732,17.121534306537068
9.792970458984374,-4.0359954501946165,-16.479088128949716,-4.0359954501946165,-16.479088128949716,False,0.0,-4.330269625591248,-16.8376918743886,-0.21315679232241871,-1.590954457620056,1.6051703661400898,4.385000228881836,0.6733169917024224,0.46389000479441617,0.46389000479441617,2.445547797522696,2.445547797522696,1.1528686767978336,18.2744029833349
9.81459765625,-4.073452484919385,-16.5791635621938,-4.073452484919385,-16.5791635621938,False,0.0,-4.2697902661613965,-16.7991653820187,-0.19294173719743202,-1.5683029389606096,1.5801267741245475,4.276000022888184,0.39262674089239574,0.2948717095099226,0.2948717095099226,2.133621215463702,2.133621215463702,0.0717080437006416,18.346111027035544
10.273771728515625,-4.129638036410865,-17.05730174709985,-4.129638036410865,-17.05730174709985,False,0.0,-4.299930374358797,-17.40123317050945,-0.17396964493728106,-1.5299858967805495,1.539844888846596,4.2170000076293945,0.5155166186961593,0.3837815842016476,0.3837815842016476,2.131733506406103,2.131733506406103,0.6028217382114661,18.94893276524701
10.791307373046877,-4.288830431906281,-17.724471306775904,-4.288830431906281,-17.724471306775904,False,0.0,-4.362430853385913,-18.065479257208544,-0.1648797481485893,-1.4878702809832427,1.4969780574152367,4.131999969482422,0.47937400412182646,0.3488602073900799,0.3488602073900799,2.1560125374337744,2.1560125374337744,0.6671800158680413,19.616112781115053
11.035275146484375,-4.345015983397762,-18.01357811620463,-4.345015983397762,-18.01357811620463,False,0.0,-4.387065431235462,-18.316249511266573,-0.15970818319549535,-1.4506454216926288,1.459410443726298,3.83899998664856,0.4188783169801597,0.3055783523945992,0.3055783523945992,1.9965907636438762,1.9965907636438762,0.2519773457002711,19.868090126815325
11.495486572265625,-4.410565793868271,-18.480596807977868,-4.410565793868271,-18.480596807977868,False,0.0,-4.446999954044847,-18.84731732342346,-0.15517470076790868,-1.4050145905014928,1.4135576349341004,3.815999984741211,0.5057339433071195,0.36852596174008373,0.36852596174008373,1.9876366702722594,1.9876366702722594,0.534439115459836,20.40252924227516
11.788225830078124,-4.485479862722135,-18.858659558932512,-4.485479862722135,-18.858659558932512,False,0.0,-4.490487133997754,-19.146993009753178,-0.1545249075578837,-1.3675975806664957,1.3762997819154899,3.5239999294281006,0.4000209997957521,0.28837692630961476,0.28837692630961476,1.8617112902964341,1.8617112902964341,0.30281455017459713,20.70534379244976
12.157347900390624,-4.551029672001302,-19.27008078787096,-4.551029672001302,-19.27008078787096,False,0.0,-4.54846180511145,-19.549823204523634,-0.15484068737090673,-1.3331966510956172,1.3421583173970437,3.492000102996826,0.3817387541057036,0.27975420214009683,0.27975420214009683,1.8049214995498712,1.8049214995498712,0.40698062399768414,21.112324416447443
12.747392333984374,-4.625943740855168,-19.870533391579404,-4.625943740855168,-19.870533391579404,False,0.0,-4.635819562391708,-20.202030276044084,-0.15348063331041303,-1.2875443798299762,1.2966598763103312,3.461999893188477,0.466141797782838,0.3316439600849251,0.3316439600849251,1.8596262926278797,1.8596262926278797,0.6580314900506804,21.770355906498125
12.79258447265625,-4.6540365171965785,-19.981728317956303,-4.6540365171965785,-19.981728317956303,False,0.0,-4.645396224420361,-20.195030326238253,-0.1543797849591233,-1.265347116683079,1.2747299493234663,3.41599988937378,0.27871722683355815,0.2134769341085162,0.2134769341085162,1.6526994871897205,1.6526994871897205,0.011862198484901547,21.782218104983027
13.347540771484374,-4.71022206868806,-20.58218092166475,-4.71022206868806,-20.58218092166475,False,0.0,-4.725677249320997,-20.8157425120385,-0.15247206684907336,-1.2365173225609387,1.2458823460353312,3.3949999809265137,0.3157507844108624,0.23407238005863062,0.23407238005863062,1.7267170587732428,1.7267170587732428,0.6258823056773671,22.408100410660396
13.802817382812504,-4.822593171671022,-21.07143859899629,-4.822593171671022,-21.07143859899629,False,0.0,-4.8027172989373454,-21.29352292049318,-0.1551964063343618,-1.2060767429584967,1.216020984376699,3.2799999713897705,0.30848941183590467,0.222971962747919,0.222971962747919,1.7269552244113002,1.7269552244113002,0.4839517413420589,22.892052152002453
14.107260986328123,-4.888142980950189,-21.39390388640883,-4.888142980950189,-21.39390388640883,False,0.0,-4.859904836777423,-21.591246540917084,-0.15876239627159966,-1.1811557737949872,1.1917778570015198,3.246999979019165,0.26951896329688135,0.1993527428321122,0.1993527428321122,1.656729723157872,1.656729723157872,0.3031662392855213,23.195218391287973
14.60833056640625,-4.963057049804053,-21.87204207060756,-4.963057049804053,-21.87204207060756,False,0.0,-4.945826943832316,-22.09912158439877,-0.16105171304628077,-1.150984343569232,1.1621973212052406,3.263000011444092,0.31193980684096545,0.2277322597601178,0.2277322597601178,1.6953414651792957,1.6953414651792957,0.5150919027438473,23.71031029403182
14.796514404296872,-5.075428152787016,-22.03883446123389,-5.075428152787016,-22.03883446123389,False,0.0,-4.999636417182361,-22.250181846601066,-0.1695176718501471,-1.1273767794522613,1.1400502813111564,3.257999897003174,0.2941494500590912,0.2245264004243325,0.2245264004243325,1.5850521918873408,1.5850521918873408,0.16035791916471054,23.87066821319653
15.188967529296876,-5.150342222236551,-22.394658225922903,-5.150342222236551,-22.394658225922903,False,0.0,-5.0862738991950165,-22.621441678936186,-0.17679530235674246,-1.1016160587452353,1.1157125614694843,3.260999917984009,0.30962845415736895,0.23565967957625336,0.23565967957625336,1.5938761334179474,1.5938761334179474,0.38123472611370895,24.25190293931024
15.787572021484374,-5.346991651861064,-22.87279641012163,-5.346991651861064,-22.87279641012163,False,0.0,-5.2344900382003905,-23.16920153968249,-0.19212340474501285,-1.0612314986799816,1.0784821261575805,3.2249999046325684,0.43648298066700597,0.31703724372105796,0.31703724372105796,1.6870632925932616,1.6870632925932616,0.5674582706300705,24.81936120994031
15.889085449218747,-5.393812945564859,-22.93951336608924,-5.393812945564859,-22.93951336608924,False,0.0,-5.285836716900985,-23.200084902061057,-0.2036761112727419,-1.0333521541074555,1.0532334179571519,3.2230000495910645,0.3652397743750732,0.2820574255629249,0.2820574255629249,1.5381081343434797,1.5381081343434797,0.05991880744297271,24.879280017383284
16.596787841796875,-5.515548306335507,-23.64004140445641,-5.515548306335507,-23.64004140445641,False,0.0,-5.45377478551275,-23.850369471994227,-0.2125313016737255,-1.0032017747877753,1.0254673837467823,3.2149999141693115,0.303655315941191,0.21921191543579838,0.21921191543579838,1.6954046827332,1.6954046827332,0.6716198454350628,25.550899862818348
16.790072509765622,-5.65601218565988,-23.76235582396613,-5.65601218565988,-23.76235582396613,False,0.0,-5.534081816817872,-23.97565077763408,-0.22721909989357328,-0.9775081492329635,1.003568981771208,3.213000059127808,0.32472959073943153,0.2456862879897078,0.2456862879897078,1.5851937093558655,1.5851937093558655,0.14881070129485935,25.699710564113207
17.209831787109373,-5.787111806005226,-24.10706009622965,-5.787111806005226,-24.10706009622965,False,0.0,-5.669361050250801,-24.3153770421422,-0.24225783116268337,-0.9509026081618367,0.9812770388471498,3.190000057220459,0.3203817703990363,0.239293105698995,0.239293105698995,1.6048589435867522,1.6048589435867522,0.36566980432466883,26.065380368437875
17.8096142578125,-5.918211425754901,-24.629676251545,-5.918211425754901,-24.629676251545,False,0.0,-5.844416127757572,-24.812143784134754,-0.2533816376457111,-0.9233976914930613,0.9575309660531806,3.1670000553131104,0.2761819082728693,0.1968251672320073,0.1968251672320073,1.6976273760150495,1.6976273760150495,0.526708150792068,26.592088519229943
18.393038330078127,-6.171046407466566,-25.185650884844147,-6.171046407466566,-25.185650884844147,False,0.0,-6.047813550098614,-25.299526942316326,-0.27386460799399115,-0.904469948045409,0.945022597840373,3.1410000324249268,0.2434529315096784,0.16779181625000958,0.16779181625000958,1.7510429793288846,1.7510429793288846,0.5281220070154468,27.12021052624539
18.79306689453125,-6.348967320920036,-25.608191606208088,-6.348967320920036,-25.608191606208088,False,0.0,-6.2140512259198735,-25.64561682533285,-0.2945864140941181,-0.8987217966928431,0.9457705975656271,3.130000114440918,0.198835189101377,0.14001071286380032,0.14001071286380032,1.7024594034102587,1.7024594034102587,0.38394423031066105,27.50415475655605
19.071347900390627,-6.433245647561587,-25.88617892321132,-6.433245647561587,-25.88617892321132,False,0.0,-6.332547646935074,-25.893176372167062,-0.3079067126403843,-0.8977961764365046,0.9491282938112294,3.130000114440918,0.13754751374785743,0.10094083228339916,0.10094083228339916,1.6147234826659111,1.6147234826659111,0.2744578856986468,27.7786126422547
19.795043457031248,-6.583073785269317,-26.64230442370597,-6.583073785269317,-26.64230442370597,False,0.0,-6.564161196561783,-26.57442844661574,-0.31111394466075903,-0.9093067110600003,0.961057012534185,3.0850000381469727,0.10318328089543377,0.07046158015240299,0.07046158015240299,1.7372744858493414,1.7372744858493414,0.7195479312118911,28.498160573466592
19.81899365234375,-6.60180230203603,-26.686782394822583,-6.60180230203603,-26.686782394822583,False,0.0,-6.578978278509416,-26.61830557822151,-0.31380856574204996,-0.9173911346226459,0.9695784186012538,3.0850000381469727,0.09547469352147947,0.07218040220004658,0.07218040220004658,1.5238274356209778,1.5238274356209778,0.04631143050471193,28.544472003971304
20.292908691406247,-6.676716370889895,-27.164920579021317,-6.676716370889895,-27.164920579021317,False,0.0,-6.714465639450177,-27.082099931814536,-0.3087737847395226,-0.9284372776891754,0.9784360115742143,3.075000047683716,0.12292002615456209,0.09101794812335814,0.09101794812335814,1.566546502543748,1.566546502543748,0.48317908419080574,29.02765108816211
20.77211767578125,-6.732901922381376,-27.70977571989497,-6.732901922381376,-27.70977571989497,False,0.0,-6.827129968214709,-27.57682560755482,-0.29522913758412606,-0.9475479611910151,0.9924753812744759,3.075999975204468,0.2240079900076489,0.16295599710605116,0.16295599710605116,1.6058482233130102,1.6058482233130102,0.5073921020400723,29.53504319020218
20.79526586914063,-6.732901922381376,-27.77649267586257,-6.732901922381376,-27.77649267586257,False,0.0,-6.812015422397983,-27.637359530583847,-0.2867975955671165,-0.96237611264595,1.0042014952262368,3.075999975204468,0.2044567842587299,0.1600530474562358,0.1600530474562358,1.43349216835558,1.43349216835558,0.06239234995197774,29.59743554015416
21.593641601562503,-6.826544508001954,-28.64381310344144,-6.826544508001954,-28.64381310344144,False,0.0,-6.97896583118454,-28.47456577404284,-0.2619799362099574,-0.9899334286462295,1.0240125390481567,3.075999975204468,0.3204450334410602,0.22776505058785468,0.22776505058785468,1.6542552727398296,1.6542552727398296,0.8536900685147498,30.45112560866891
21.79750048828125,-6.826544508001954,-28.888441941753552,-6.826544508001954,-28.888441941753552,False,0.0,-6.979404376962819,-28.730947014880748,-0.24070399617880128,-1.0118545034328041,1.0400903566006614,3.049999952316284,0.2955312521096141,0.21947845345136463,0.21947845345136463,1.5472330218171455,1.5472330218171455,0.2563816159087554,30.707507224577665
22.134552490234377,-6.845273025364337,-29.27762418513369,-6.845273025364337,-29.27762418513369,False,0.0,-7.006080393119216,-29.124011898466318,-0.21880559796471552,-1.0327730911255395,1.055696996042756,3.0460000038146973,0.29769258252554265,0.2223864747223438,0.2223864747223438,1.5320078603140392,1.5320078603140392,0.3939690502388658,31.10147627481653
22.790485107421876,-6.83590876698098,-30.067108164319457,-6.83590876698098,-30.067108164319457,False,0.0,-7.055452288762192,-29.881176890682944,-0.18169276408571383,-1.0642039273232928,1.0796028248626564,3.0390000343322754,0.41107459317647704,0.28769740435428537,0.28769740435428537,1.6648987315080643,1.6648987315080643,0.7587729630909269,31.860249237907457
22.82084838867188,-6.826544508001954,-30.13382512028706,-6.826544508001954,-30.13382512028706,False,0.0,-7.0051499002466615,-29.965954023499382,-0.15967611564114836,-1.0848973614661663,1.0965850385731584,3.013999938964844,0.3217182215459151,0.24511342532710037,0.24511342532710037,1.470731486997454,1.470731486997454,0.09857734292900815,31.958826580836465
23.41429150390625,-6.826544508001954,-30.74539721712832,-6.826544508001954,-30.74539721712832,False,0.0,-7.024039228351305,-30.64741835116645,-0.12934601151000874,-1.0999443926071397,1.1075233891532208,3.006999969482422,0.3051561108846037,0.22046320042365977,0.22046320042365977,1.5841485962257007,1.5841485962257007,0.6817260715265149,32.64055265236298
23.794168457031247,-6.7703589565104725,-31.167937938492265,-6.7703589565104725,-31.167937938492265,False,0.0,-6.990437631005277,-31.093315647361948,-0.09654099635242122,-1.111067621140042,1.1152539722962256,3.006999969482422,0.31974960077688697,0.2323856908265399,0.2323856908265399,1.5717897398397291,1.5717897398397291,0.4471615659900338,33.087714218353014
24.03538354492188,-6.742266181360403,-31.42368626993719,-6.742266181360403,-31.42368626993719,False,0.0,-6.9462225803398665,-31.376829739187844,-0.06993448349095029,-1.1171801476126824,1.119366925632985,3.00600004196167,0.2785302147895472,0.20926955621526605,0.20926955621526605,1.4989810192914075,1.4989810192914075,0.2869411280545327,33.37465534640754
24.800295166015623,-6.629895078377441,-32.29100669751605,-6.629895078377441,-32.29100669751605,False,0.0,-6.884668396241419,-32.24992504294919,-0.025233697525404775,-1.1243880540893116,1.1246711677950816,3.006999969482422,0.37459818636412967,0.25806422812426155,0.25806422812426155,1.6771690426821164,1.6771690426821164,0.8752624332336768,34.24991777964122
24.82571313476563,-6.611166561015057,-32.34660416035084,-6.611166561015057,-32.34660416035084,False,0.0,-6.819276452146689,-32.294907932582,0.000454282266981125,-1.130769161911951,1.1307692531650453,3.006999969482422,0.2824748548348055,0.21443466779499026,0.21443466779499026,1.4757958203429842,1.4757958203429842,0.07936980982846088,34.329287589469686
25.326709960937507,-6.57370952688596,-32.91369828678281,-6.57370952688596,-32.91369828678281,False,0.0,-6.75442801256406,-32.8751895482869,0.02622647200614246,-1.136260877446245,1.1365635087617407,3.009999990463257,0.2508474412009569,0.18477579388635387,0.18477579388635387,1.544789198144183,1.544789198144183,0.5838938890255565,34.91318147849524
25.79450732421876,-6.517523975394479,-33.51415089049126,-6.517523975394479,-33.51415089049126,False,0.0,-6.679784400957459,-33.436557327078724,0.050946844354890636,-1.1480822551652348,1.1492120977326215,3.003000020980835,0.24899884495387886,0.17985885240080482,0.17985885240080482,1.5824184329105964,1.5824184329105964,0.5663086188813887,35.479490097376626
25.84692041015625,-6.508159716415451,-33.61422632444266,-6.508159716415451,-33.61422632444266,False,0.0,-6.639187171205298,-33.52310706263829,0.06599207485401178,-1.1585450264901864,1.1604229971646909,3.003000020980835,0.2057924665971844,0.1595960957557516,0.1595960957557516,1.422802201289342,1.422802201289342,0.09559807419075138,35.57508817156738
26.567077148437495,-6.489431199053068,-34.34811284008632,-6.489431199053068,-34.34811284008632,False,0.0,-6.562602209212248,-34.354789423271214,0.07767783807628188,-1.157478743954758,1.1600822769249126,3.01200008392334,0.10265603578962021,0.07347498547627984,0.07347498547627984,1.605880389451676,1.605880389451676,0.8352010568668072,36.41028922843419
26.795969482421874,-6.45197416492397,-34.67057812749885,-6.45197416492397,-34.67057812749885,False,0.0,-6.521169986866044,-34.632681257600304,0.08718289753987142,-1.1626844340059743,1.165948519748295,3.01200008392334,0.10586112598730481,0.07889381802363568,0.07889381802363568,1.520216782015339,1.520216782015339,0.2809635218944471,36.69125275032864
27.046725830078124,-6.433245647561587,-34.98192392177857,-6.433245647561587,-34.98192392177857,False,0.0,-6.483609081201983,-34.93794181837393,0.09348464568658992,-1.1681877152277818,1.171922316959726,3.01200008392334,0.08770782462568329,0.06686479543038203,0.06686479543038203,1.4683048329551458,1.4683048329551458,0.3075627279078737,36.99881547823651
27.808158447265622,-6.405152872411517,-35.78252739338983,-6.405152872411517,-35.78252739338983,False,0.0,-6.4102463122661115,-35.813975190738006,0.09434849336869547,-1.1628541670516812,1.1666753841709365,3.0390000343322754,0.045495903425767925,0.03185760643244367,0.03185760643244367,1.663890070738628,1.663890070738628,0.8790998608585463,37.877915339095054
28.30906127929687,-6.3583315793033925,-36.4163384757894,-6.3583315793033925,-36.4163384757894,False,0.0,-6.361562725874963,-36.40253579867412,0.09490241659842134,-1.165220393193766,1.169078711375267,3.052999973297119,0.02042396555135005,0.014175831676329666,0.014175831676329666,1.6886200010884713,1.6886200010884713,0.5905706399729297,38.468485979067985
28.794538085937496,-6.227231958958047,-37.01679107949785,-6.227231958958047,-37.01679107949785,False,0.0,-6.2883747566332335,-36.98314453509003,0.10522001642354385,-1.1708981114843544,1.1756162806518964,3.058000087738037,0.10073866623310611,0.06978919442246344,0.06978919442246344,1.694985612299201,1.694985612299201,0.5852033694744085,39.05368934854239
28.83015234375,-6.189774924828949,-37.09462752859827,-6.189774924828949,-37.09462752859827,False,0.0,-6.261812795710605,-37.04162976613857,0.11390503518673947,-1.17728761961024,1.1827850592260782,3.052999973297119,0.11775639953667558,0.0894327550000363,0.0894327550000363,1.4973009804129769,1.4973009804129769,0.06423441459884817,39.11792376314124
29.63017309570312,-6.133589373337468,-38.00642592658643,-6.133589373337468,-38.00642592658643,False,0.0,-6.159292688454325,-37.99053042137021,0.11834935872042734,-1.180036088731485,1.1859560453145965,3.062000036239624,0.04361775130133987,0.030221308609578314,0.030221308609578314,1.6969470876450508,1.6969470876450508,0.9544227710458684,40.07234653418711
29.801671386718745,-6.068039563462631,-38.21769628691474,-6.068039563462631,-38.21769628691474,False,0.0,-6.120549964104041,-38.19934950625577,0.12558117047303485,-1.182562835097373,1.1892121296601854,3.062000036239624,0.07516275991237478,0.05562325535304068,0.05562325535304068,1.5612074174485584,1.5612074174485584,0.2123826944516092,40.284729228638724
30.170760498046874,-6.039946787121219,-38.62911751585318,-6.039946787121219,-38.62911751585318,False,0.0,-6.065357209975688,-38.63409021343818,0.12907227953508507,-1.1818796418384003,1.1889066999291613,3.062000036239624,0.03490225028187542,0.02589241801985158,0.02589241801985158,1.5557393265540442,1.5557393265540442,0.43823021642708726,40.72295944506581
30.7299619140625,-6.058675304483604,-39.28516758310374,-6.058675304483604,-39.28516758310374,False,0.0,-6.011836751025991,-39.29219842590054,0.121794340961776,-1.180787164846343,1.187051890254246,3.072000026702881,0.06622927157669,0.04736330689927431,0.04736330689927431,1.6395917877151185,1.6395917877151185,0.6602808938903107,41.38324033895612
30.794526611328124,-6.039946787121219,-39.36300403149684,-6.039946787121219,-39.36300403149684,False,0.0,-6.012265877427251,-39.367183494100075,0.11855708211983043,-1.180298380250154,1.1862377704920315,3.072000026702881,0.036381388125661135,0.027994654295730274,0.027994654295730274,1.4749524255235185,1.4749524255235185,0.07498629609707144,41.458226635053194
31.311154785156248,-6.049311046100248,-39.90785917237049,-6.049311046100248,-39.90785917237049,False,0.0,-5.97628532057791,-39.959194968400475,0.10863034417574677,-1.1733200586970916,1.1783380295215322,3.072000026702881,0.12015280807614856,0.08926432961769097,0.08926432961769097,1.5575877054632459,1.5575877054632459,0.5931038578314265,42.05133049288462
31.79842529296875,-6.039946787121219,-40.41935583526035,-6.039946787121219,-40.41935583526035,False,0.0,-5.95531646148853,-40.500334789288935,0.09623678877487944,-1.161461222688195,1.1654414147961525,3.066999912261963,0.16137072830701,0.11713190433122468,0.11713190433122468,1.605843324531352,1.605843324531352,0.5415459341576718,42.59287642704229
32.011669433593745,-6.039946787121219,-40.65286518114697,-6.039946787121219,-40.65286518114697,False,0.0,-5.960553104076791,-40.72470258365642,0.08629785572675237,-1.15246822593437,1.1556947398389201,3.062000036239624,0.1418078121967573,0.10706992718155832,0.10706992718155832,1.5155029976861052,1.5155029976861052,0.22442889647932743,42.817305323521616
32.59231323242187,-6.058675304483604,-41.24219829242992,-6.058675304483604,-41.24219829242992,False,0.0,-5.9514574323096125,-41.35190966388271,0.07067433791539225,-1.136481361699461,1.138676752871525,3.062000036239624,0.2120812266582492,0.1534022722764243,0.1534022722764243,1.6106280614112736,1.6106280614112736,0.6272730288565556,43.44457835237817
32.79021801757812,-6.049311046100248,-41.45346865275823,-6.049311046100248,-41.45346865275823,False,0.0,-5.964761662505589,-41.54672370918449,0.06029563309388177,-1.1250340079446244,1.126648606443969,3.056999921798706,0.16650827585211309,0.1258773363846783,0.1258773363846783,1.5101008353060235,1.5101008353060235,0.195267802742676,43.63984615512085
33.37293798828125,-6.049311046100248,-42.04280176404118,-6.049311046100248,-42.04280176404118,False,0.0,-5.963130198660493,-42.157653341641804,0.04761435199422198,-1.1081339056183965,1.109156381804167,3.0220000743865967,0.19941230082334344,0.1435897745063581,0.1435897745063581,1.598907140594436,1.598907140594436,0.610931810833833,44.25077796595468
33.78614624023437,-6.039946787121219,-42.45422299297963,-6.039946787121219,-42.45422299297963,False,0.0,-5.970186197309757,-42.57085336083772,0.037562007813521384,-1.0913277317772667,1.091973956913395,3.0199999809265137,0.18797562759429254,0.1359013708450197,0.1359013708450197,1.5895262649419426,1.5895262649419426,0.41326026058700666,44.66403822654169
33.83316357421875,-6.030582528737863,-42.50982045581442,-6.030582528737863,-42.50982045581442,False,0.0,-5.982268285463594,-42.59713733082563,0.03234699857487568,-1.0819028028326452,1.082386254113538,3.0220000743865967,0.12839543833480635,0.09979229812409784,0.09979229812409784,1.4263513944907749,1.4263513944907749,0.028927909231099013,44.69296613577279
34.57500122070312,-6.077403821845987,-43.26594595772371,-6.077403821845987,-43.26594595772371,False,0.0,-5.991928733508392,-43.36193637479935,0.019247972674022375,-1.0671923066639684,1.0673658715992476,3.0199999809265137,0.17914100077125927,0.1285307391119922,0.1285307391119922,1.6051984566655666,1.6051984566655666,0.7648600538134659,45.45782618958626
34.79205859375,-6.086768080229344,-43.499455302903,-6.086768080229344,-43.499455302903,False,0.0,-6.012685657574653,-43.569875975524994,0.00948356812804982,-1.057910537639139,1.057953044190701,3.01200008392334,0.13661465101000303,0.10221191945620701,0.10221191945620701,1.511481390352784,1.511481390352784,0.2089730304288884,45.66679922001514
35.216444580078125,-6.114860855975085,-43.95535450225074,-6.114860855975085,-43.95535450225074,False,0.0,-6.036279571928206,-44.00232860683867,-0.001359464006209541,-1.0514288196104407,1.0514296984819236,3.013000011444092,0.12372800843523078,0.09155099510269445,0.09155099510269445,1.536519185347422,1.536519185347422,0.43309577592565174,46.099894995940794
35.791671386718754,-6.208503441595663,-44.5780460915175,-6.208503441595663,-44.5780460915175,False,0.0,-6.0870152832289905,-44.59866183292914,-0.020698245645173575,-1.0481471555631368,1.0483515045479175,3.0,0.1738927587255482,0.12322492206236997,0.12322492206236997,1.6193722280967926,1.6193722280967926,0.5984876180345478,46.69838261397534
35.83593896484375,-6.21786770057469,-44.6447630474851,-6.21786770057469,-44.6447630474851,False,0.0,-6.118035094416895,-44.6449917930327,-0.03236412964571251,-1.0481204256286327,1.048619980501836,3.0,0.12993649722243855,0.09983286821875348,0.09983286821875348,1.4439930526325677,1.4439930526325677,0.055755662397024335,46.754138276372366
36.417523925781246,-6.320874544578625,-45.278574129884674,-6.320874544578625,-45.278574129884674,False,0.0,-6.18605003325734,-45.260981694822185,-0.051736234218079005,-1.050648174391623,1.051921206309445,3.003000020980835,0.18557688929569732,0.13596743221981947,0.13596743221981947,1.5526573624002147,1.5526573624002147,0.6197334838558317,47.3738717602282
36.79656958007812,-6.414517130794874,-45.6788758656903,-6.414517130794874,-45.6788758656903,False,0.0,-6.261019441787329,-45.664433842118264,-0.07343519137758747,-1.052689748130045,1.0552480434242748,3.002000093460083,0.20977908919632715,0.1541755900767443,0.1541755900767443,1.545541478511096,1.545541478511096,0.4103584376775424,47.78423019790574
37.213150634765626,-6.498795458032095,-46.12365557190523,-6.498795458032095,-46.12365557190523,False,0.0,-6.347204867594898,-46.10851649215971,-0.09495500980920435,-1.0548388937096347,1.0591041240456163,3.003000020980835,0.20821493605019026,0.15234467120526227,0.15234467120526227,1.5555707212803258,1.5555707212803258,0.4523685750463488,48.23659877295209
37.70732495117187,-6.592438044248344,-46.67963020520438,-6.592438044248344,-46.67963020520438,False,0.0,-6.449739475772767,-46.643766881664334,-0.11609678413312989,-1.06015229174081,1.0664901991904783,3.013000011444092,0.20447583718807535,0.14713619344103335,0.14713619344103335,1.5955324120517909,1.5955324120517909,0.5449828670142232,48.78158163996632
37.79865112304688,-6.639259336760798,-46.80194462400677,-6.639259336760798,-46.80194462400677,False,0.0,-6.501693759222032,-46.75476770637115,-0.1318195503969638,-1.065544277601692,1.0736670812670792,3.013000011444092,0.18914590912041176,0.14543022272269496,0.14543022272269496,1.448502695990826,1.448502695990826,0.12255786655420933,48.90413950652053
38.348668457031245,-6.751630439743759,-47.35791925730592,-6.751630439743759,-47.35791925730592,False,0.0,-6.620405670484908,-47.34528462812588,-0.14950050626175646,-1.0672466415849704,1.0776668294732468,3.01200008392334,0.17825417633273494,0.1318316119963486,0.1318316119963486,1.537091376760123,1.537091376760123,0.6023310989434063,49.50647060546394
38.798517578125,-6.920187094218202,-47.84717693534479,-6.920187094218202,-47.84717693534479,False,0.0,-6.750113308825136,-47.831237803880214,-0.17327775437219853,-1.0694750195952691,1.0834214312531267,3.013000011444092,0.2335476973190322,0.17081905160072725,0.17081905160072725,1.5615082898732666,1.5615082898732666,0.5029657647092098,50.00943637017315
39.06718261718751,-7.013829679838781,-48.13628374477352,-7.013829679838781,-48.13628374477352,False,0.0,-6.850495903771706,-48.122959531739156,-0.19370052871370375,-1.0711410399532826,1.0885141350924976,3.013000011444092,0.21788407890789865,0.1638763468512605,0.1638763468512605,1.5000797728656206,1.5000797728656206,0.30850969494201264,50.31794606511516
39.570368896484375,-7.13556504180077,-48.62554142139774,-7.13556504180077,-48.62554142139774,False,0.0,-6.997928725101429,-48.65224789758894,-0.21250953291800667,-1.067491405648844,1.0884384239428404,3.01200008392334,0.19110067857651514,0.14020339348643635,0.14020339348643635,1.5544300152277721,1.5544300152277721,0.5494384506286214,50.86738451574378
39.79598974609375,-7.210479110654636,-48.870170260417176,-7.210479110654636,-48.870170260417176,False,0.0,-7.085350525518498,-48.88759812202923,-0.22734848949709138,-1.0654246414362842,1.0894113099542542,3.013000011444092,0.16619269468961312,0.1263364285490954,0.1263364285490954,1.4755076775050526,1.4755076775050526,0.2510623415254791,51.11844685726926
40.36784716796876,-7.3415787304043105,-49.403905908158016,-7.3415787304043105,-49.403905908158016,False,0.0,-7.249352654682653,-49.47183346210525,-0.24010152220129827,-1.0560316112089072,1.0829826890748815,3.013000011444092,0.15675764656727698,0.11454170257278144,0.11454170257278144,1.5635904833563092,1.5635904833563092,0.6068176257856386,51.7252644830549
40.79405078125,-7.388400024108106,-49.87092459993126,-7.388400024108106,-49.87092459993126,False,0.0,-7.361617409217397,-49.90812265522711,-0.24381356564714676,-1.0508759982143303,1.0787888664685694,3.013000011444092,0.0628357394221048,0.04583670775892811,0.04583670775892811,1.5671402307676852,1.5671402307676852,0.4505015373399613,52.17576602039486
41.04940087890624,-7.425857058237203,-50.16003140935999,-7.425857058237203,-50.16003140935999,False,0.0,-7.424364141714521,-50.17241006310017,-0.24399607436716989,-1.0493627104883223,1.0773561075475406,3.013000011444092,0.01655161169032576,0.012468354669446478,0.012468354669446478,1.4965193876367464,1.4965193876367464,0.27163391982469404,52.447399940219555
41.6494345703125,-7.613142230074029,-50.804961983477725,-7.613142230074029,-50.804961983477725,False,0.0,-7.582555649932619,-50.80286937088548,-0.24839240045825026,-1.0496634896959114,1.0786529683851107,3.0160000324249268,0.042471274373524645,0.030658080700006512,0.030658080700006512,1.5906233654302495,1.5906233654302495,0.6500026861832549,53.09740262640281
41.79875830078125,-7.566320936370235,-50.97175437410406,-7.566320936370235,-50.97175437410406,False,0.0,-7.606995944927995,-50.9624903119242,-0.24365645261399044,-1.050742140121946,1.0786229702395926,3.0160000324249268,0.05469120661135732,0.04171665338022883,0.04171665338022883,1.4689898514177755,1.4689898514177755,0.16148118415947638,53.25888381056229
42.329498046875,-7.603777971095001,-51.51660951427039,-7.603777971095001,-51.51660951427039,False,0.0,-7.701653727569365,-51.519232175293844,-0.23053483873982822,-1.0503905357358125,1.0753913657065346,3.0160000324249268,0.13258371061641797,0.09791088834380463,0.09791088834380463,1.5423425992146402,1.5423425992146402,0.5647314390423869,53.82361524960468
42.796757324218746,-7.547592419603522,-52.02810617645292,-7.547592419603522,-52.02810617645292,False,0.0,-7.7379450820578555,-52.014967189128136,-0.20354288769937268,-1.0522536402388918,1.071759035664733,3.00600004196167,0.2624037200843154,0.19080557929833836,0.19080557929833836,1.570199594770113,1.570199594770113,0.49706163234743306,54.32067688195211
42.990264648437496,-7.538228161220165,-52.25049602991405,-7.538228161220165,-52.25049602991405,False,0.0,-7.7199314771472265,-52.226246482989815,-0.18183254932371196,-1.0551510329831881,1.0707038705445353,3.00600004196167,0.2412238699940865,0.18331430807473875,0.18331430807473875,1.4728346123958769,1.4728346123958769,0.21204582046474305,54.532722702416855
43.61186083984375,-7.575685195349261,-52.8731876191808,-7.575685195349261,-52.8731876191808,False,0.0,-7.761494891053786,-52.879641978940384,-0.15470796302154055,-1.054208822526084,1.0655002558958429,3.00600004196167,0.25742787000111716,0.1859217625177708,0.1859217625177708,1.5842830265491528,1.5842830265491528,0.6547161152011292,55.18743881761799
43.80428662109375,-7.528863902241137,-53.08445797950911,-7.528863902241137,-53.08445797950911,False,0.0,-7.72741247128431,-53.08297564615957,-0.13039818410359613,-1.0543903156296792,1.062422996791377,3.00600004196167,0.2624081023237925,0.19855410240347815,0.19855410240347815,1.4828404200008158,1.4828404200008158,0.20617029747794535,55.393609115095934
44.812426757812496,-7.613142230074029,-54.0296148561884,-7.613142230074029,-54.0296148561884,False,0.0,-7.773991763603024,-54.105764599143605,-0.0969776865227639,-1.0385683095325546,1.043086192626772,3.006999969482422,0.2718763921005618,0.1779644790081399,0.1779644790081399,1.7672908076328795,1.7672908076328795,1.0238490478674551,56.41745816296339
45.39420727539062,-7.566320936370235,-54.56335050392924,-7.566320936370235,-54.56335050392924,False,0.0,-7.7370342592025985,-54.65813689328898,-0.06045606837394888,-1.0182901481069184,1.0200832132403932,3.006999969482422,0.3020679231725069,0.19526263902836877,0.19526263902836877,1.7880410648115737,1.7880410648115737,0.553607269163742,56.97106543212713
45.79717797851562,-7.510135384878752,-54.90805477619276,-7.510135384878752,-54.90805477619276,False,0.0,-7.679403620642864,-55.01612791674202,-0.028719760783559353,-0.9980273834172078,0.9984405253744777,3.006999969482422,0.29810677085323367,0.20082713797411642,0.20082713797411642,1.7177440981834313,1.7177440981834313,0.3626001425451415,57.333665574672274
46.014368408203126,-7.500771127091067,-55.09708615237741,-7.500771127091067,-55.09708615237741,False,0.0,-7.634116570902638,-55.19504037947946,-0.008799034334048553,-0.9833938173432842,0.9834331817638697,3.00600004196167,0.22938969904728093,0.16545705785026188,0.16545705785026188,1.586950387594125,1.586950387594125,0.18455510341615664,57.51822067808843
46.79762695312499,-7.49140686811204,-55.81985317559557,-7.49140686811204,-55.81985317559557,False,0.0,-7.590328065514408,-55.916021796681704,0.010708498045094834,-0.964429100589355,0.9644885494364224,3.0,0.2086458576351116,0.13796306381465673,0.13796306381465673,1.7461165347598404,1.7461165347598404,0.7223099315080019,58.24053060959643
47.35661401367187,-7.472678350749656,-56.34246933020359,-7.472678350749656,-56.34246933020359,False,0.0,-7.546113495429707,-56.416556892686685,0.025245275175337242,-0.9497631747764221,0.9500986328166497,3.0,0.15861950208173553,0.10431532672079542,0.10431532672079542,1.7553332326031064,1.7553332326031064,0.5024841395909829,58.74301474918742
47.79120874023437,-7.538228161220165,-56.79836852955133,-7.538228161220165,-56.79836852955133,False,0.0,-7.536137572185056,-56.81933480318654,0.024870527974408047,-0.946004878800141,0.946331746204995,3.0,0.031103911880153604,0.021070244247759107,0.021070244247759107,1.7038980413938207,1.7038980413938207,0.4029014324015418,59.14591618158896
48.01461596679688,-7.575685195349261,-57.02075838301246,-7.575685195349261,-57.02075838301246,False,0.0,-7.543043102742351,-57.02793811861474,0.02018022639014835,-0.9449732315440824,0.945188684798979,3.0,0.04618204301409681,0.033422369950031304,0.033422369950031304,1.5769011045744155,1.5769011045744155,0.2087175832552555,59.354633764844216
48.7779619140625,-7.603777971095001,-57.79912286977273,-7.603777971095001,-57.79912286977273,False,0.0,-7.552694493237649,-57.7656819894835,0.010707421181557628,-0.9511744331511527,0.9512346982468501,3.003000020980835,0.09100304131418831,0.06105582842384066,0.06105582842384066,1.7226838682992949,1.7226838682992949,0.7378069993859552,60.09244076423017
48.799946533203126,-7.650599264203127,-57.86583982574034,-7.650599264203127,-57.86583982574034,False,0.0,-7.577064006164089,-57.80646127248758,0.0013895106301307567,-0.9586984979689926,0.9586995049272707,3.003000020980835,0.1261408776862101,0.09451585454969066,0.09451585454969066,1.5036364221086949,1.5036364221086949,0.047506032065403686,60.139946796295575
49.20751245117187,-7.66932778156551,-58.27726105467879,-7.66932778156551,-58.27726105467879,False,0.0,-7.600256371733353,-58.21768622412729,-0.007940664555460747,-0.9667458739679494,0.9667784849631463,3.003000020980835,0.12258932408565132,0.09121414414136322,0.09121414414136322,1.519225084615388,1.519225084615388,0.4118784367647573,60.551825233060335
49.79828588867187,-7.69742055671558,-58.96666959920582,-7.69742055671558,-58.96666959920582,False,0.0,-7.631768922181938,-58.84040026821283,-0.01854095533936427,-0.9871336622556699,0.9873077707499254,3.003000020980835,0.2004591649026536,0.1423168333906995,0.1423168333906995,1.6172925960312874,1.6172925960312874,0.62351088325477,61.1753361163151
49.867349365234375,-7.706784815694607,-59.07786452629005,-7.706784815694607,-59.07786452629005,False,0.0,-7.650340677051893,-58.94827420480031,-0.02539020782034531,-1.0028588881572131,1.0031802491123327,3.003000020980835,0.18465048200799075,0.14134918539182034,0.14134918539182034,1.4542215058370902,1.4542215058370902,0.10946093492122913,61.28479705123633
50.58828027343751,-7.688056298332223,-59.778392563242576,-7.688056298332223,-59.778392563242576,False,0.0,-7.674367189109053,-59.70284456734356,-0.027693707211882204,-1.0155715314525608,1.0159490523230175,3.003000020980835,0.10887080239190709,0.07677819609551584,0.07677819609551584,1.6304298489130384,1.6304298489130384,0.7549527834972739,62.039749834733605
50.7933203125,-7.69742055671558,-60.03414089539483,-7.69742055671558,-60.03414089539483,False,0.0,-7.684531398196372,-59.942849929934944,-0.029500709730947598,-1.0283701175129383,1.028793171861188,3.002000093460083,0.12428402045221672,0.09219637076333811,0.09219637076333811,1.5253587876386114,1.5253587876386114,0.24022049292054962,62.279970327654155
51.207613037109375,-7.66932778156551,-60.46780110918426,-7.66932778156551,-60.46780110918426,False,0.0,-7.689488546487091,-60.39509521425167,-0.026590685051303638,-1.0388645580479285,1.0392048087358023,3.003000020980835,0.10263695262722282,0.07544934459736528,0.07544934459736528,1.5455710012795065,1.5455710012795065,0.4522724516327421,62.7322427792869
51.798265625,-7.659963522586484,-61.090492698451015,-7.659963522586484,-61.090492698451015,False,0.0,-7.691744520821058,-61.03302421356542,-0.0213283168106125,-1.0483803173538646,1.048597247236976,3.003000020980835,0.0934630719403514,0.0656708352606549,0.0656708352606549,1.637559388880361,1.637559388880361,0.6379329883190229,63.37017576760592
51.8294326171875,-7.659963522586484,-61.146090161285805,-7.659963522586484,-61.146090161285805,False,0.0,-7.684827928798963,-61.08448340574023,-0.01836077705161671,-1.0557330164266654,1.055892665050423,3.002000093460083,0.08669171064377651,0.06643516407108152,0.06643516407108152,1.451124312610857,1.451124312610857,0.05192193856631511,63.42209770617224
52.36928393554688,-7.66932778156551,-61.624228346191856,-7.66932778156551,-61.624228346191856,False,0.0,-7.688039140787968,-61.64646052081854,-0.01570619989954824,-1.0525789418293499,1.0526961164067619,3.002000093460083,0.03946459944081821,0.029058295761853693,0.029058295761853693,1.541541069289827,1.541541069289827,0.561986289649652,63.98408399582189
52.796701660156245,-7.641235005224099,-62.09124703796509,-7.641235005224099,-62.09124703796509,False,0.0,-7.6803038913920805,-62.09497335855898,-0.010032152975031017,-1.0520377613663436,1.0520855932071411,3.002000093460083,0.053760115969015365,0.039246188752223105,0.039246188752223105,1.5598149317549195,1.5598149317549195,0.4485795355354466,64.43266353135733
53.12937744140625,-7.622506487861714,-62.44707080336143,-7.622506487861714,-62.44707080336143,False,0.0,-7.6677812886883725,-62.445508224321166,-0.003870275003438931,-1.0522504275999047,1.052257545191663,3.002000093460083,0.061171257787603905,0.04530175761657209,0.04530175761657209,1.529039202854299,1.529039202854299,0.35075847487037015,64.78342200622771
53.80018090820312,-7.538228161220165,-63.15871833344677,-7.538228161220165,-63.15871833344677,False,0.0,-7.630311738992032,-63.15359195591649,0.011398200689608598,-1.053100437695173,1.0531621199287056,3.0,0.1323539449189925,0.09222616245865572,0.09222616245865572,1.651868188911641,1.651868188911641,0.7090744235300017,65.49249642975771
53.99137915039062,-7.510135384878752,-63.3699886944824,-7.510135384878752,-63.3699886944824,False,0.0,-7.597488080119447,-63.358850364383734,0.02307535902082794,-1.054589390540293,1.0548418150765957,3.0,0.11895241357758672,0.08805995550305869,0.08805995550305869,1.5288358515980005,1.5288358515980005,0.20786631961020055,65.70036274936791
54.61259765625,-7.463314092366299,-63.92596332778155,-7.463314092366299,-63.92596332778155,False,0.0,-7.547867874502587,-63.988064996122404,0.03652016296622467,-1.0447146725273366,1.0453527965701244,3.0,0.1486892681894889,0.10490929074332701,0.10490929074332701,1.6278680877962033,1.6278680877962033,0.6311681373449464,66.33153088671286
54.79568579101562,-7.425857058237203,-63.95932180576536,-7.425857058237203,-63.95932180576536,False,0.0,-7.512007293118539,-64.12368082699803,0.04766387881004374,-1.0234544840727386,1.0245637736675126,3.0,0.2484102691866172,0.18556872266270583,0.18556872266270583,1.5088981088300277,1.5088981088300277,0.14027699341405658,66.47180788012692
55.39258837890625,-7.322850213637597,-64.27066760004507,-7.322850213637597,-64.27066760004507,False,0.0,-7.437644062357903,-64.60204638189803,0.06527234323091526,-0.9726236115552858,0.9748113502343424,3.0,0.4909627941454529,0.3506986238444249,0.3506986238444249,1.6035050695496786,1.6035050695496786,0.48411103499502345,66.95591891512194
55.79176831054687,-6.995101162476397,-64.43745998996408,-6.995101162476397,-64.43745998996408,False,0.0,-7.295139871780451,-64.83572613103429,0.10971972626154933,-0.9136249318137954,0.9201896186996851,3.0,0.6921646666072929,0.4986372892231374,0.4986372892231374,1.5863088510136636,1.5863088510136636,0.27370361614074273,67.22962253126268
55.9708935546875,-6.798451732851884,-64.43745998996408,-6.798451732851884,-64.43745998996408,False,0.0,-7.159671153151599,-64.86295580340104,0.15393820266429165,-0.8615380961438959,0.8751827588262702,3.0,0.737099330603275,0.5581452829273367,0.5581452829273367,1.478185743230603,1.478185743230603,0.13817825004009587,67.36780078130278
56.79740551757812,-6.105496597591728,-63.870365864239446,-6.105496597591728,-63.870365864239446,False,0.0,-6.741614832494298,-65.0401966945515,0.2663735406504805,-0.6547678487653626,0.7068774992426156,3.0,1.94038493696984,1.3315970037230276,1.3315970037230276,1.6803909166343132,1.6803909166343132,0.45407644812006076,67.82187722942284
57.79253540039063,-5.674740703022264,-62.780655583199454,-5.674740703022264,-62.780655583199454,False,0.0,-6.153103957934291,-64.51746854812484,0.39092855705936447,-0.20254087454840036,0.440281662787979,3.0,3.019519898265245,1.8014856865329052,1.8014856865329052,1.9053819649349955,1.9053819649349955,0.787140244519383,68.60901747394222
58.79248730468751,-5.365720169223448,-61.991171604721,-5.365720169223448,-61.991171604721,False,0.0,-5.578153521333153,-63.45329534162587,0.46005683795070873,0.2732511768356237,0.5350873758436635,3.0,2.757479706366443,1.477475465484693,1.477475465484693,2.0439524888776868,2.0439524888776868,1.2095588526310495,69.81857632657326
59.79949877929688,-5.103520929128426,-61.435196970714536,-5.103520929128426,-61.435196970714536,False,0.0,-5.109239947275749,-62.31341615559207,0.4621191133419401,0.5899366229078702,0.7493859445998994,3.0,1.742968256201838,0.8782378059816912,0.8782378059816912,2.1130846347428864,2.1130846347428864,1.2325601399884534,71.05113646656172
60.8026845703125,-4.897507239929216,-61.02377574248341,-4.897507239929216,-61.02377574248341,False,0.0,-4.773753263861742,-61.366660733832234,0.4158883387789636,0.7180281739012115,0.8297756135535886,3.0,0.7418838344662442,0.3645341738229664,0.3645341738229664,2.139564003472729,2.139564003472729,1.0044387205697423,72.05557518713145
61.795425537109374,-4.71022206868806,-60.70131045507088,-4.71022206868806,-60.70131045507088,False,0.0,-4.539524927214106,-60.67811728521553,0.35176269363598356,0.7093152161618913,0.7917481092575046,3.0,0.3525481081448209,0.17226560084740758,0.17226560084740758,2.145304062590922,2.145304062590922,0.7272929219521559,72.78286810908361
62.79513427734374,-4.551029672001302,-60.49004009474257,-4.551029672001302,-60.49004009474257,False,0.0,-4.374363035085187,-60.23657713818155,0.28486984105654506,0.6133442932782742,0.6762706916912834,3.0,0.6351083037259886,0.30895723158376154,0.30895723158376154,2.1498430956756147,2.1498430956756147,0.4714192953776814,73.2542874044613
62.98967358398438,-4.532301155234589,-60.45668161605144,-4.532301155234589,-60.45668161605144,False,0.0,-4.398225804334497,-60.24338416096949,0.2559414772728796,0.5673228110795178,0.6223834925187124,3.0,0.40091106671802423,0.2519365080003675,0.2519365080003675,1.8287455663702015,1.8287455663702015,0.024814659286021383,73.27910206374732
63.76891186523438,-4.522936896851233,-60.40108415321666,-4.522936896851233,-60.40108415321666,False,0.0,-4.32895556360283,-60.042158102184175,0.20606697954696288,0.47503941341326744,0.5178088878685163,3.0,0.681769141039505,0.40799101431110085,0.40799101431110085,1.9010868534960579,1.9010868534960579,0.212815161549394,73.49191722529672
63.78727197265625,-4.504208379488849,-60.31212821169074,-4.504208379488849,-60.31212821169074,False,0.0,-4.376985691076369,-60.11409046712534,0.18616989340761173,0.44406715436395966,0.4815131013755558,3.0,0.3312448296247709,0.23538173403951967,0.23538173403951967,1.6138844055258448,1.6138844055258448,0.08649368919842033,73.57841091449514
64.54872412109376,-4.448022827997368,-60.22317227087215,-4.448022827997368,-60.22317227087215,False,0.0,-4.309353831986702,-59.93174267206549,0.15584554204018103,0.38033687717638387,0.4110279468771942,3.0,0.4952636251482455,0.32273875118308304,0.32273875118308304,1.77063440226415,1.77063440226415,0.19448595508959662,73.77289686958473
64.79195581054688,-4.457387086380725,-60.000782417411024,-4.457387086380725,-60.000782417411024,False,0.0,-4.326945716288389,-59.88745130489264,0.13304386827700931,0.36052614494448426,0.3842912594304501,3.0,0.2463167353413084,0.17279725720108985,0.17279725720108985,1.6389869764223146,1.6389869764223146,0.0476571043950826,73.82055397397981
65.03007421875,-4.466751345359752,-59.87846799790131,-4.466751345359752,-59.87846799790131,False,0.0,-4.340970183658486,-59.82208946409928,0.11416072229531293,0.3520622059124509,0.3701087236839042,3.0,0.1879243332449074,0.1378384551298615,0.1378384551298615,1.5487716553525857,1.5487716553525857,0.06684950199449588,73.88740347597431
65.7937841796875,-4.569758189363687,-59.34473235016047,-4.569758189363687,-59.34473235016047,False,0.0,-4.359059668814716,-59.48375407607228,0.07137635236315393,0.38029191030012705,0.38693219136741386,3.0,0.3785562360860769,0.2524300038367539,0.2524300038367539,1.7316446021130123,1.7316446021130123,0.33881863033870596,74.22622210631302
65.87084497070313,-4.58848670672607,-59.22241793065075,-4.58848670672607,-59.22241793065075,False,0.0,-4.415073904264156,-59.39369244121613,0.04635655842054623,0.4050031940181092,0.407647540987883,3.0,0.33019545540275813,0.2437354262865911,0.2437354262865911,1.5351237743657717,1.5351237743657717,0.1060598540728182,74.33228196038584
66.43098071289063,-4.597850965705097,-58.81099670241963,-4.597850965705097,-58.81099670241963,False,0.0,-4.450254245278597,-59.062601110059404,0.021447717996141338,0.44746466620980935,0.4479783835337349,3.0,0.4125469993859126,0.29170116527779,0.29170116527779,1.6236797719807075,1.6236797719807075,0.3329551410641173,74.66523710144996
66.79546801757813,-4.728950585454773,-58.04375170808485,-4.728950585454773,-58.04375170808485,False,0.0,-4.52338766953562,-58.657723373604085,-0.0110909557402664,0.5446505988883795,0.5447635121488067,3.0,0.9024441292346242,0.6474699363380904,0.6474699363380904,1.5946273390516328,1.5946273390516328,0.4114297986543275,75.07666690010429
67.11345825195313,-4.822593171671022,-57.54337453762049,-4.822593171671022,-57.54337453762049,False,0.0,-4.605885879776714,-58.23316118067731,-0.042402749853887034,0.6443170990828196,0.6457108620471482,3.0,0.9865085490518514,0.7230267376105542,0.7230267376105542,1.5504085275100046,1.5504085275100046,0.4325031911509773,75.50917009125526
67.63494018554688,-4.897507239929216,-56.59821766164852,-4.897507239929216,-56.59821766164852,False,0.0,-4.705290188851201,-57.52463963603349,-0.07230110077635016,0.7884171627197396,0.7917253764055541,3.0,1.3266085053437684,0.9461527727320141,0.9461527727320141,1.6065784314197677,1.6065784314197677,0.715460687869735,76.224630779125
67.8012666015625,-5.047335377636946,-56.14231846230078,-5.047335377636946,-56.14231846230078,False,0.0,-4.798476025992016,-57.0858062848006,-0.10357597685724462,0.9069880122276004,0.9128829263966471,3.0,1.2939786628886254,0.9757562442057875,0.9757562442057875,1.4877264466535878,1.4877264466535878,0.4486182234349459,76.67324900255994
68.173115234375,-5.187799256365648,-55.57522433728346,-5.187799256365648,-55.57522433728346,False,0.0,-4.923533305008471,-56.45909208092967,-0.1367355190122872,1.017893899098005,1.0270368016680314,3.0,1.2246410953930114,0.9225284176137678,0.9225284176137678,1.4900516247313687,1.4900516247313687,0.6390696490747837,77.31231865163473
68.75557885742188,-5.328263135094351,-54.79685984981586,-5.328263135094351,-54.79685984981586,False,0.0,-5.0934619853035725,-55.56921979058448,-0.17092503090331385,1.1303576131922128,1.1432076363858383,3.0,1.1176681735648388,0.8072617035677911,0.8072617035677911,1.5809939028735276,1.5809939028735276,0.9059516816646673,78.21827033329939
68.79272290039063,-5.412541462331572,-54.696784416571774,-5.412541462331572,-54.696784416571774,False,0.0,-5.169295563932406,-55.34271855884255,-0.1972708672058362,1.200318403020414,1.2164210059340554,3.0,0.8873818366347874,0.6902169827228969,0.6902169827228969,1.4141020042711796,1.4141020042711796,0.2388588278215102,78.4571291611209
69.374826171875,-5.506184048547821,-54.007375871337416,-5.506184048547821,-54.007375871337416,False,0.0,-5.341437335571618,-54.479702862031566,-0.21953909838954577,1.264161173738409,1.2830825729115671,3.0,0.6742486069772701,0.5002342107199935,0.5002342107199935,1.524066142826016,1.524066142826016,0.8800164103499623,79.33714557147087
69.7969462890625,-5.646647926680853,-53.57371565684066,-5.646647926680853,-53.57371565684066,False,0.0,-5.490212078577997,-53.847785008556755,-0.24132229241463307,1.3023244587984695,1.3244944110116057,3.0,0.4287472307322026,0.31557278735933403,0.31557278735933403,1.5413269579522217,1.5413269579522217,0.6491949612380138,79.98634053270888
70.07519213867188,-5.712197737151361,-53.26236986256095,-5.712197737151361,-53.26236986256095,False,0.0,-5.595570620759641,-53.43037391769722,-0.25610274019542,1.3236160352407924,1.348164686632222,3.0,0.2715249289377875,0.20451710642407628,0.20451710642407628,1.4903187074448674,1.4903187074448674,0.43050254492069023,80.41684307762957
70.6354921875,-5.768383288642842,-52.6952757368363,-5.768383288642842,-52.6952757368363,False,0.0,-5.747136957373606,-52.69054797246648,-0.2591896455733711,1.322929132590451,1.3480803990226151,3.0,0.030035379685764613,0.021765990635361016,0.021765990635361016,1.5741329287967432,1.5741329287967432,0.7551918853054019,81.17203496293497
70.79676660156251,-5.899482908988188,-52.57296131732658,-5.899482908988188,-52.57296131732658,False,0.0,-5.815193727558996,-52.49993963384474,-0.2692298076848101,1.3142311060183964,1.341524539235991,3.0,0.1462592394343697,0.11152054682669613,0.11152054682669613,1.4620638333509481,1.4620638333509481,0.20239383073653222,81.3744287936715
71.338453125,-6.021218270354507,-52.05034516201123,-6.021218270354507,-52.05034516201123,False,0.0,-5.976953614716541,-51.85742909595714,-0.2753186526059455,1.2876944484511028,1.3167981443807335,3.0,0.26912313508580615,0.19792920017151588,0.19792920017151588,1.5430046563657087,1.5430046563657087,0.6625602254813052,82.0369890191528
71.77766455078125,-6.077403821845987,-51.59444596266349,-6.077403821845987,-51.59444596266349,False,0.0,-6.0923471113196115,-51.37358585589078,-0.27321852142219,1.2566547501102752,1.2860130331465718,3.0,0.30327878356411925,0.22136505745927046,0.22136505745927046,1.5591165471225046,1.5591165471225046,0.49741324873408094,82.53440226788688
71.79465356445313,-6.171046407466566,-51.605565455088986,-6.171046407466566,-51.605565455088986,False,0.0,-6.112898317530585,-51.40665816612555,-0.2792645184886143,1.2359731957051803,1.2671299900911324,3.0,0.2639319406426784,0.20723250219496334,0.20723250219496334,1.3904797165091096,1.3904797165091096,0.03893751123262715,82.57333977911951
72.42763525390626,-6.274053252066171,-50.993993358955045,-6.274053252066171,-50.993993358955045,False,0.0,-6.2856149363369616,-50.72026096204689,-0.2776775983789928,1.1984015551782132,1.2301508590799282,3.0,0.370013201367708,0.2739764545727593,0.2739764545727593,1.5283800675943746,1.5283800675943746,0.707793862772847,83.28113364189235
72.79605664062501,-6.433245647561587,-50.62705010113322,-6.433245647561587,-50.62705010113322,False,0.0,-6.3995875789559715,-50.36841935151891,-0.28225142185912644,1.1632560033305608,1.1970089366525583,3.0,0.3512430215477606,0.260811675789872,0.260811675789872,1.522218162289651,1.522218162289651,0.3698408876320818,83.65097452952443
72.98683276367188,-6.498795458032095,-50.4268992332304,-6.498795458032095,-50.4268992332304,False,0.0,-6.463876710870042,-50.21104742760718,-0.2863437567475194,1.1379590512155522,1.1734323795053903,3.0,0.2840467265676672,0.21865799984032933,0.21865799984032933,1.4393877448299361,1.4393877448299361,0.16999710267514803,83.82097163219959
73.64683081054687,-6.5643452679069325,-49.73749068799604,-6.5643452679069325,-49.73749068799604,False,0.0,-6.628219190105717,-49.53725256315532,-0.2767194583511167,1.1077878734099105,1.1418264452639846,3.0,0.29127018535273186,0.21017893466469323,0.21017893466469323,1.5829246347061452,1.5829246347061452,0.6935473811089075,84.5145190133085
73.79379443359376,-6.704809147231306,-49.61517626848633,-6.704809147231306,-49.61517626848633,False,0.0,-6.677436279738249,-49.4317406701732,-0.2800636391893429,1.0853772942814024,1.1209279695580783,3.0,0.2433936876323457,0.18546668866211286,0.18546668866211286,1.4635484838525679,1.4635484838525679,0.1164262920158821,84.63094530532439
74.34770336914063,-6.826544508001954,-49.048082142761686,-6.826544508001954,-49.048082142761686,False,0.0,-6.830947442680895,-48.889015817830675,-0.27942990746877466,1.0624822519667536,1.0986125836400893,3.0,0.21762497586503574,0.15912724958612537,0.15912724958612537,1.5553795326628699,1.5553795326628699,0.564017679242608,85.194962984567
74.7921123046875,-7.051286713967878,-48.58106345098845,-7.051286713967878,-48.58106345098845,False,0.0,-6.98162341313554,-48.462088556321675,-0.28968922268692565,1.0449608176842975,1.0843721484049609,3.0,0.19030498064847384,0.13786950730247666,0.13786950730247666,1.5747396903495745,1.5747396903495745,0.4527362749902237,85.64769925955723
74.88905688476564,-7.1262007834174135,-48.46986852461155,-7.1262007834174135,-48.46986852461155,False,0.0,-7.03638508068759,-48.3857661207607,-0.3000224856058204,1.0352848676589876,1.0778813705936208,3.0,0.15959294670082969,0.12304501123712154,0.12304501123712154,1.4356409336006568,1.4356409336006568,0.09393590582434627,85.74163516538158
75.80118432617188,-7.360307247766694,-47.55807012520874,-7.360307247766694,-47.55807012520874,False,0.0,-7.326036106343558,-47.47855794334538,-0.3063734205075619,1.0205501179558831,1.0655455016343836,3.0,0.12698678335317484,0.08658347532362173,0.08658347532362173,1.6921951881485333,1.6921951881485333,0.9523257813546695,86.69396094673625
76.13188281250001,-7.435221316620559,-47.22448534537072,-7.435221316620559,-47.22448534537072,False,0.0,-7.429657795388802,-47.165497063337,-0.30728976287993537,1.0108344253128014,1.0565099307475858,3.0,0.08379199698001388,0.05925006485891401,0.05925006485891401,1.6235824924907036,1.6235824924907036,0.32976441444190113,87.02372536117815
76.79720947265625,-7.659963522586484,-46.53507680013635,-7.659963522586484,-46.53507680013635,False,0.0,-7.642678020585647,-46.5069235919458,-0.3106417927030842,1.0053749140144035,1.0522723226918282,3.0,0.04941940074230251,0.03303621816796708,0.03303621816796708,1.7273154310224716,1.7273154310224716,0.6921680674252251,87.71589342860338
76.93100610351563,-7.725513333056991,-46.39052339577565,-7.725513333056991,-46.39052339577565,False,0.0,-7.695346117532068,-46.37728221150193,-0.314987016047492,1.0034676812117522,1.0517434133451913,3.0,0.045073189829875446,0.03294525540192192,0.03294525540192192,1.5561645859145647,1.5561645859145647,0.139931468795801,87.85582489739917
77.3930224609375,-7.734877590844676,-45.890146226018615,-7.734877590844676,-45.890146226018615,False,0.0,-7.811311615814458,-45.90710449693872,-0.30339095526061005,1.0060404770380578,1.0507918505455343,3.000999927520752,0.10857523288447632,0.0782926760666727,0.0782926760666727,1.5848817719557071,1.5848817719557071,0.48426757073312576,88.3400924681323
77.79392041015626,-7.856612952806667,-45.42312753424538,-7.856612952806667,-45.42312753424538,False,0.0,-7.911850221232357,-45.48149831607217,-0.2951923118358939,1.0147042151311814,1.0567701477483202,3.000999927520752,0.11104728433677352,0.08036357380183076,0.08036357380183076,1.5774875933511054,1.5774875933511054,0.4373198284678941,88.77741229660019
78.17371948242187,-7.884705728552408,-45.00058681288144,-7.884705728552408,-45.00058681288144,False,0.0,-7.986291840447235,-45.070272418602194,-0.280721652331859,1.0246307361280818,1.0623901314989252,3.000999927520752,0.16887397700754533,0.12319018538250959,0.12319018538250959,1.5608662506090565,1.5608662506090565,0.41790943207987036,89.19532172868006
78.61444531250001,-7.865977211190023,-44.51132913554989,-7.865977211190023,-44.51132913554989,False,0.0,-8.0432245953423,-44.58930799761026,-0.25544948576018894,1.0357490654646992,1.0667851547458573,3.009000062942505,0.2666085832461466,0.19364229423618998,0.19364229423618998,1.5741505404643275,1.5741505404643275,0.4843223232931198,89.67964405197317
78.79586352539063,-7.9502555390229155,-44.30005877451426,-7.9502555390229155,-44.30005877451426,False,0.0,-8.056281368321955,-44.377189384094166,-0.24288737924671064,1.0448876210355256,1.0727462046498304,3.009000062942505,0.17227538358396713,0.13111295669275574,0.13111295669275574,1.4708252273934117,1.4708252273934117,0.21252008262899177,89.89216413460217
79.15302905273438,-7.987712573152013,-43.92199602426694,-7.987712573152013,-43.92199602426694,False,0.0,-8.106014261952346,-43.98444916324484,-0.22895611412296704,1.0522421334328893,1.0768632269539562,3.009000062942505,0.17563457517771058,0.13377475150866036,0.13377475150866036,1.468980013049452,1.468980013049452,0.3958765486633799,90.28804068326555
79.79454638671875,-8.100083676134975,-43.26594595772371,-8.100083676134975,-43.26594595772371,False,0.0,-8.210359561865346,-43.297317441252176,-0.2129998978125462,1.0567813867233407,1.0780333277747316,3.009000062942505,0.15887306042438581,0.11465138879400726,0.11465138879400726,1.5875033255105921,1.5875033255105921,0.6950093128746817,90.98304999614024
80.01677490234376,-8.137540710264071,-43.02131711799695,11.862459289735929,-53.02131711799695,True,22.360679774997898,-3.276803372709013,-45.5278556485393,1.6602392246928641,0.1295866150522077,1.6652888560275216,3.009000062942505,22.449926576395722,16.892283408608378,5.468958115564174,1.497131899237147,1.497131899237147,5.41435844451865,96.3974084406589
80.53475366210938,-8.146904968647428,-42.45422299297963,11.853095031352572,-52.45422299297963,True,22.360679774997898,1.4064101936288784,-47.33445071527521,3.101587606901564,-0.5767978125796841,3.1547648723608672,3.009000062942505,15.891500994279452,11.63379956309532,10.727649006713477,1.5574974306225977,1.5574974306225977,5.019589130903624,101.41699757156252
80.80092333984375,-8.146904968647428,-42.17623567597639,11.853095031352572,-52.17623567597639,True,22.360679774997898,4.607285184334522,-48.64544353520553,3.997357238005114,-1.0132951041478924,4.123788531959654,3.007999897003174,10.702618103416421,8.06028867227924,14.301049499401564,1.494604493485312,1.494604493485312,3.458945342157593,104.87594291372011
81.23502319335938,-8.128176451880714,-41.70921698420316,11.871823548119286,-51.70921698420316,True,22.360679774997898,7.752836147124271,-49.75456682929477,4.5278188392677645,-1.2650236845340623,4.701215626160985,3.009000062942505,6.120283350657234,4.559244941614683,17.80264630047091,1.519648783384052,1.519648783384052,3.335362849975828,108.21130576369593
81.77562768554688,-8.062626642005878,-41.14212285847852,11.937373357994122,-51.14212285847852,True,22.360679774997898,10.68036880020759,-50.63283086380218,4.707034784792597,-1.3376353913164727,4.893408311734253,3.013000011444092,1.8739160427710568,1.35625911762374,21.00888898988115,1.583598504174242,1.583598504174242,3.0564350392537856,111.26774080294972
81.79640625,-8.025169607281109,-41.164361844036826,11.974830392718891,-51.164361844036826,True,22.360679774997898,11.040492770720094,-50.77104896814829,4.80511164714725,-1.3789212090793386,4.9990520743836,3.01200008392334,1.2983592656342586,1.0137464230378694,21.34919013481541,1.4102132317855862,1.4102132317855862,0.38573762910393455,111.65347843205365
82.43867236328126,-7.912798504298148,-40.55278974719556,12.087201495701851,-50.55278974719556,True,22.360679774997898,13.58933905202571,-51.36585143907929,4.5968876620972035,-1.2662158547242524,4.768089635136546,3.013000011444092,2.319039479917742,1.708065148911906,24.06790856396867,1.5465235740932406,1.5465235740932406,2.617328283794582,114.27080671584822
82.79569116210938,-7.791063142336159,-40.25256344463401,12.20893685766384,-50.25256344463401,True,22.360679774997898,14.45054142878147,-51.413843481907605,4.2934500197708765,-1.1090177114249469,4.434369555700648,3.013000011444092,3.402977215946566,2.5245519163260655,24.884998412063496,1.5308126075955593,1.5308126075955593,0.86253856140152,115.13334527724975
83.01742968750001,-7.725513333056991,-40.0524125767312,12.274486666943009,-50.0524125767312,True,22.360679774997898,14.667721035978996,-51.28216072294954,4.007383047415903,-0.9620240306140172,4.121238785146429,3.01200008392334,3.5168769203082935,2.690697167698834,25.051231285788507,1.4598682671965952,1.4598682671965952,0.2539829340512453,115.387328211301
83.79933398437501,-7.51949964385778,-39.27404809067825,12.480500356142219,-49.27404809067825,True,22.360679774997898,16.193095343947615,-51.20013575707797,3.380183280738174,-0.6366339088973307,3.4396136040752863,3.00600004196167,5.994020627985469,4.1824843385402986,26.54277167294978,1.6525453441752305,1.6525453441752305,1.5275781074750236,116.91490631877602
84.20898291015625,-7.425857058237203,-38.873746354872615,12.574142941762798,-48.873746354872615,True,22.360679774997898,16.107424444886714,-50.70066719098805,2.8097990192420026,-0.34171065101415526,2.8305011389416252,3.00600004196167,5.632934593593583,3.977652312828551,26.338021846164068,1.6295123680468597,1.6295123680468597,0.5067626184495334,117.42166893722555
84.80800512695313,-7.276028919933802,-38.19545730277108,12.723971080066198,-48.19545730277108,True,22.360679774997898,16.181317445106423,-50.04464559006709,2.196218760625638,-0.013532531800393155,2.1962604522098337,3.009000062942505,5.745768647688098,3.920808744344667,26.2802275781101,1.6958006315382188,1.6958006315382188,0.6601700662377589,118.0818390034633
85.32814282226563,-7.154293559163153,-37.70619962473221,12.845706440836846,-47.70619962473221,True,22.360679774997898,15.889277858253338,-49.30037884602619,1.6580854359062376,0.2683340147325355,1.679657839033551,3.009000062942505,5.055028144027978,3.435801851463517,25.79595269582148,1.7029981707469741,1.7029981707469741,0.7995124180239868,118.88135142148728
85.80349462890625,-7.060650972946904,-37.31701738205939,12.939349027053096,-47.31701738205939,True,22.360679774997898,15.504909315782319,-48.59070852456248,1.2236712146974154,0.484002127527156,1.3159138653915998,3.009000062942505,4.173420290643712,2.864330414179761,25.224999962751752,1.6852365411392896,1.6852365411392896,0.8070756727889298,119.68842709427621
85.92733203124999,-7.032558197796835,-37.21694194740066,12.967441802203165,-47.21694194740066,True,22.360679774997898,14.96838724483786,-48.19459032159142,0.9682775673090945,0.608785731731313,1.1437576292701388,3.009000062942505,2.992806039294572,2.227011227622884,24.587605906170722,1.5220857528519212,1.5220857528519212,0.6669074623480779,120.35533455662429
86.72876513671875,-6.83590876698098,-36.47193593933152,13.16409123301902,-46.47193593933152,True,22.360679774997898,14.925700554427303,-47.31491860999697,0.6566848434917539,0.7578921557785472,1.002813793015654,3.0169999599456787,2.860523268921728,1.9529176081736794,24.31332789755354,1.6994217017524533,1.6994217017524533,0.8807068034923492,121.23604136011663
86.79278515624999,-6.83590876698098,-36.4608164461987,13.16409123301902,-46.4608164461987,True,22.360679774997898,14.51564194849832,-47.06447270116522,0.4837721425557221,0.8351218389030723,0.9651238116043988,3.010999917984009,1.975377580056775,1.4802331609151367,23.83959403868227,1.5074802385403026,1.5074802385403026,0.4804905967310726,121.7165319568477
87.16988134765627,-6.751630439743759,-36.13835115949349,13.24836956025624,-46.13835115949349,True,22.360679774997898,14.333094107555834,-46.59567576239934,0.3398987376637247,0.895779494272581,0.958098144359248,3.010999917984009,1.5732764626339089,1.1771886577508728,23.535531587071453,1.5107894957166925,1.5107894957166925,0.5030847682339701,122.21961672508168
87.79125268554687,-6.686080629868922,-35.53789855507772,13.313919370131078,-45.53789855507772,True,22.360679774997898,14.185152359596882,-45.892774776522394,0.19768207815141312,0.9537080981758356,0.973980154083455,3.010999917984009,1.328531919075527,0.9407359111251008,23.298751641708318,1.6267709714510306,1.6267709714510306,0.7183011601939189,122.9379178852756
87.97150439453125,-6.676716370889895,-35.34886718030772,13.323283629110104,-45.34886718030772,True,22.360679774997898,13.994682873202425,-45.62715155041544,0.10810845375139339,0.990834949097636,0.9967152723450324,3.010999917984009,0.9715413412039292,0.7267868570729591,23.085707186513936,1.5112817208934166,1.5112817208934166,0.3268552026430573,123.26477308791866
88.59127954101562,-6.60180230203603,-34.75953406831744,13.398197697963969,-44.75953406831744,True,22.360679774997898,13.86823932195955,-44.9391396651405,0.03198243288106374,1.0199231377051814,1.020424462093777,3.010999917984009,0.7102747224846326,0.5031871408318879,22.86147357881777,1.6258279763108874,1.6258279763108874,0.6995343636523409,123.964307451571
88.79376342773439,-6.6673521125065385,-34.53714421556364,13.332647887493462,-44.53714421556364,True,22.360679774997898,13.736516704976705,-44.68278524016009,-0.022300211378233452,1.0394982561235677,1.039737430273361,3.009999990463257,0.5762364597818764,0.4293266003648212,22.787099300284787,1.5198180532165262,1.5198180532165262,0.28821595901658303,124.25252341058759
89.19165307617187,-6.6673521125065385,-34.13684247975801,13.332647887493462,-44.13684247975801,True,22.360679774997898,13.625563307175252,-44.234979211114116,-0.062162884337476104,1.0528536214081519,1.054687144276166,3.009999990463257,0.4165750864086639,0.30891788735620357,22.666600576079386,1.5301759996847115,1.5301759996847115,0.4613468284638015,124.71387023905139
89.67203295898437,-6.620530819398414,-33.669823787984775,13.379469180601586,-43.669823787984775,True,22.360679774997898,13.536808148832549,-43.71303512751219,-0.08481067524409701,1.0590735769183177,1.0624639720771334,3.013999938964844,0.22423889860096377,0.16316485769839584,22.520755055960592,1.5729542499820917,1.5729542499820917,0.5294365916136602,125.24330683066505
89.79185180664064,-6.686080629868922,-33.52527038362408,13.313919370131078,-43.52527038362408,True,22.360679774997898,13.477699459913966,-43.57213295893787,-0.10361925941026714,1.0644552975731376,1.0694868075166937,3.013000011444092,0.2212636498595535,0.17035263066454626,22.528148506177015,1.4452733445347552,1.4452733445347552,0.15279809624016993,125.39610492690522
90.47268432617189,-6.695444888252279,-32.846981330815204,-6.695444888252279,-32.846981330815204,False,0.0,7.775913581270677,-40.046045813570835,-2.2769200491338433,2.1456069087777156,3.1285769795775087,3.010999917984009,22.45268631409156,16.163129195187032,16.163129195187032,1.593626790263845,1.593626790263845,6.704002741841524,132.10010766874674
90.79498022460938,-6.864001542726721,-32.40220162389296,-6.864001542726721,-32.40220162389296,False,0.0,3.3636127542450596,-37.51548461010416,-3.694533183549899,2.854340823722607,4.66870827770603,3.009999990463257,15.547143702488944,11.43458600495438,11.43458600495438,1.5480935094644628,1.5480935094644628,5.086466218570773,137.1865738873175
90.91538159179689,-6.920187094218202,-32.22428974154845,-6.920187094218202,-32.22428974154845,False,0.0,0.705208494127243,-36.05872049974658,-4.549414860225243,3.2842181406022655,5.610994953259116,3.009999990463257,11.012875479211171,8.535192857702398,8.535192857702398,1.4277066000340448,1.4277066000340448,3.0313816789441863,140.2179555662617
91.51638525390624,-6.957644128347299,-31.579359166723385,-6.957644128347299,-31.579359166723385,False,0.0,-3.330695589544116,-33.42316353987871,-5.056325723768114,3.5419125790540167,6.173457260117723,3.009999990463257,5.5289393686432975,4.0687062156898515,4.0687062156898515,1.5468802076992827,1.5468802076992827,4.8202367432837905,145.0381923095455
91.7984997558594,-7.13556504180077,-31.179057430917755,-7.13556504180077,-31.179057430917755,False,0.0,-5.3481758981640395,-32.11459432180177,-5.286191648005877,3.6622266432001305,6.430841789813522,3.003000020980835,2.684501323674653,2.017421429695682,2.017421429695682,1.4969677684235176,1.4969677684235176,2.404699605806853,147.44289191535236
92.2953740234375,-7.229207627421349,-30.611963305193115,-7.229207627421349,-30.611963305193115,False,0.0,-7.775245854507463,-30.37976501114728,-5.209341390489937,3.6295466991833716,6.349082371825438,3.003000020980835,0.8101496716517902,0.5933580649128666,0.5933580649128666,1.5534380448374765,1.5534380448374765,2.983337277293801,150.42622919264616
92.75535864257812,-7.285393178912829,-30.089347149170443,-7.285393178912829,-30.089347149170443,False,0.0,-9.37556646582477,-29.090551007299986,-4.906871000172131,3.485010233823692,6.01852800460263,3.003000020980835,3.1986502738682367,2.316553064865033,2.316553064865033,1.576994504041065,1.576994504041065,2.055017957761677,152.48124715040782
92.78876928710936,-7.407128540874818,-29.97815222279354,-7.407128540874818,-29.97815222279354,False,0.0,-9.069326678781808,-29.195501009624003,-4.728063609341484,3.400818212327686,5.824100789587943,3.003000020980835,2.356933298115959,1.837238572188493,1.837238572188493,1.410119258475589,1.410119258475589,0.3237241266200744,152.8049712770279
93.29514379882814,-7.547592419603522,-29.377699619085096,-7.547592419603522,-29.377699619085096,False,0.0,-10.501798219832375,-27.9410832260209,-4.35617433423355,3.2199702060772655,5.41705297724329,3.003000020980835,4.354379339290466,3.284995977307519,3.284995977307519,1.4881918311546738,1.4881918311546738,1.9040847385921427,154.70905601562004
93.79615332031253,-7.8472486938276385,-28.721649552541862,-7.8472486938276385,-28.721649552541862,False,0.0,-11.398709290366709,-26.964065652695567,-3.860439209009657,2.9746356314712887,4.873545734522012,3.003000020980835,5.396961140111785,3.9625715809015443,3.9625715809015443,1.548154314446292,1.548154314446292,1.3262778016062728,156.0353338172263
93.97658544921876,-7.9502555390229155,-28.477020712815104,-7.9502555390229155,-28.477020712815104,False,0.0,-11.125276295070165,-26.906994475319504,-3.4864532273695232,2.7897020991432813,4.465175686196434,3.003000020980835,4.62408916657377,3.541996497422808,3.541996497422808,1.452695069901757,1.452695069901757,0.27932547718374995,156.31465929441006
94.7988435058594,-8.3248258821009,-27.487385866433844,-8.3248258821009,-27.487385866433844,False,0.0,-12.254059187798411,-25.494593037061218,-2.8096631359526443,2.44645385292427,3.7254990795891025,3.0,6.354416933623853,4.405689234546798,4.405689234546798,1.6613417547537919,1.6613417547537919,1.8080455308730534,158.1227048252831
94.867669921875,-8.390375691975736,-27.365071446924127,-8.390375691975736,-27.365071446924127,False,0.0,-11.455548303649211,-25.8246823377585,-2.421849496895904,2.251559802353088,3.306792483538575,3.0,4.540561938736141,3.430463780159946,3.430463780159946,1.4833619808072425,1.4833619808072425,0.8640477871851522,158.98675261246825
95.347431640625,-8.521475312321082,-26.83133579918329,-8.521475312321082,-26.83133579918329,False,0.0,-11.537334220179611,-25.29478367744509,-1.9897068485360534,2.0313871339631113,2.8434955655217995,3.0,4.596965358173836,3.384730029844006,3.384730029844006,1.5405617385198944,1.5405617385198944,0.5361730376890138,159.52292565015728
95.8063552246094,-8.605753639558303,-26.31983913629343,-8.605753639558303,-26.31983913629343,False,0.0,-11.391674782456349,-24.901549777801286,-1.5687968840606579,1.8171053604030158,2.4006239926826947,3.003000020980835,4.314255332434113,3.126163994236133,3.126163994236133,1.5758951821061906,1.5758951821061906,0.4193442161601013,159.9422698663174
96.568150390625,-8.91477417276145,-25.44139921558175,-8.91477417276145,-25.44139921558175,False,0.0,-11.362005197466285,-24.159062013941963,-1.0936896618430274,1.5681514775586731,1.911872415458669,3.003999948501587,4.145576852033636,2.7628478761935558,2.7628478761935558,1.7349060738328395,1.7349060738328395,0.7430803211997344,160.68535018751712
96.7931208496094,-9.102059344002605,-25.107814435743727,-9.102059344002605,-25.107814435743727,False,0.0,-10.895296432094598,-24.17645929942959,-0.8177193197754005,1.4248205163255832,1.642795906275714,3.003000020980835,2.8238292010673876,2.020673561970704,2.020673561970704,1.6015333223325698,1.6015333223325698,0.4670329080665538,161.15238309558367
97.06715087890628,-9.223794705964597,-24.763110163480206,-9.223794705964597,-24.763110163480206,False,0.0,-10.625966441631006,-24.040348128881064,-0.6263921212423293,1.326199190728691,1.4666872137725548,3.003000020980835,2.132590527341979,1.5774886798198082,1.5774886798198082,1.532102896834047,1.532102896834047,0.3017696050154976,161.45415270059917
97.78875732421876,-9.38298710205568,-23.97362618429444,-9.38298710205568,-23.97362618429444,False,0.0,-10.548157361517937,-23.361634578283297,-0.42195110461877827,1.218819015958576,1.2897916608317943,3.003999948501587,1.9145673698959451,1.3161137714359807,1.3161137714359807,1.6794993332860968,1.6794993332860968,0.6831590859478259,162.137311786547
97.79624658203127,-9.411079877801422,-23.91802872145965,-9.411079877801422,-23.91802872145965,False,0.0,-10.278582257610486,-23.487774662990468,-0.31666319245636904,1.1665995032863528,1.2088134589441932,3.003999948501587,1.2727753531139567,0.9683382331621485,0.9683382331621485,1.469172683611063,1.469172683611063,0.2976273804888342,162.43493916703585
98.793333984375,-9.495358205634313,-22.72824300576093,-9.495358205634313,-22.72824300576093,False,0.0,-10.213726847920459,-22.464373004675217,-0.16099187741883897,1.1094185690834852,1.1210387798921544,3.003999948501587,1.170757617751063,0.7652979051931444,0.7652979051931444,1.7678291013825338,1.7678291013825338,1.025454620355512,163.46039378739135
98.99267797851564,-9.514086722401029,-22.483614167448817,-9.514086722401029,-22.483614167448817,False,0.0,-10.033796951878022,-22.312873136937082,-0.0738335576336902,1.0807843408275524,1.0833033673034043,3.003999948501587,0.7702102200167839,0.5470385929011212,0.5470385929011212,1.6170176945247585,1.6170176945247585,0.23521687315010864,163.69561066054146
99.41266723632812,-9.589000791254891,-22.016595475675583,-9.589000791254891,-22.016595475675583,False,0.0,-9.92641900532644,-21.90480470654513,-0.01686681532025404,1.0619105643907978,1.0620445076473162,3.003999948501587,0.501239717968919,0.35545495811707634,0.35545495811707634,1.620068005580368,1.620068005580368,0.42195955646031613,164.11757021700177
99.79757739257812,-9.47662968827193,-21.482859827934742,-9.47662968827193,-21.482859827934742,False,0.0,-9.802744838279983,-21.492297550343228,0.035980321211577945,1.0634399524141949,1.0640484556190068,3.003000020980835,0.456472556832445,0.3262516845458962,0.3262516845458962,1.603940667271651,1.603940667271651,0.4306477139291635,164.54821793093095
100.15315673828124,-9.439172654142832,-21.06031910586348,-9.439172654142832,-21.06031910586348,False,0.0,-9.693388864885772,-21.099338894741994,0.07450323918958617,1.0693528567175559,1.0719450847966692,3.003999948501587,0.35488632554638977,0.25719336252831837,0.25719336252831837,1.576111468279029,1.576111468279029,0.4078912035444309,164.95610913447538
100.71533886718753,-9.44853691193052,-20.404269039320244,-9.44853691193052,-20.404269039320244,False,0.0,-9.590988777310637,-20.470171479865158,0.0979291944257692,1.0801903955454317,1.0846204026061268,3.0169999599456787,0.22363545002533042,0.1569575280770277,0.1569575280770277,1.6473884194271897,1.6473884194271897,0.6374460085985291,165.5935551430739
100.79261230468752,-9.270615998477048,-20.21523766384292,-9.270615998477048,-20.21523766384292,False,0.0,-9.508175498947967,-20.34545551044275,0.12704092998256794,1.0961479451592138,1.1034852584278607,3.0160000324249268,0.35671709136252255,0.27090810958162453,0.27090810958162453,1.4792301737253257,1.4792301737253257,0.1497067536958298,165.74326189676972
101.41266064453129,-9.111423602981631,-19.470231655773773,-9.111423602981631,-19.470231655773773,False,0.0,-9.340379869016688,-19.61104062949675,0.1615883844432698,1.1173947609445822,1.129018094528775,3.0179998874664307,0.3733026903101777,0.268790139026032,0.268790139026032,1.5968822152925808,1.5968822152925808,0.7533396251220059,166.49660152189173
101.79759960937498,-8.858588621269968,-18.936496006618285,-8.858588621269968,-18.936496006618285,False,0.0,-9.163319539169972,-19.114005331200815,0.20587242034264547,1.1431907299143809,1.1615801730487285,3.0199999809265137,0.48558677963968566,0.35266200906523115,0.35266200906523115,1.5800705287418615,1.5800705287418615,0.5276309772535689,167.0242324991453
101.85242260742189,-8.783674552416104,-18.825301080241385,-8.783674552416104,-18.825301080241385,False,0.0,-9.07012338554977,-19.001071035385053,0.23749099023657474,1.1625924309133495,1.1866015046596563,3.0179998874664307,0.43217820926212824,0.3360773886098951,0.3360773886098951,1.4231521544298538,1.4231521544298538,0.14642294294611868,167.17065544209143
102.5335075683594,-8.680667708412168,-18.11365355015604,-8.680667708412168,-18.11365355015604,False,0.0,-8.846210815890919,-18.183150777739534,0.26195278104908687,1.1728618203738268,1.2017587566520818,3.0299999713897705,0.2469559586803329,0.17953936915204177,0.17953936915204177,1.5831288342423302,1.5831288342423302,0.848015558063731,168.01867100015517
102.79551269531252,-8.427832726104834,-17.646634858382804,-8.427832726104834,-17.646634858382804,False,0.0,-8.689677501749891,-17.81824579720129,0.2965730715806524,1.1955516775445663,1.231787075945518,3.0299999713897705,0.41816684005750737,0.3130702810149383,0.3130702810149383,1.5190150523405268,1.5190150523405268,0.3970621151124731,168.41573311526764
103.25336181640624,-8.23118329648032,-17.035062762248863,-8.23118329648032,-17.035062762248863,False,0.0,-8.468660420098825,-17.208585574573387,0.3298669044821898,1.2198792398381808,1.2636920251631092,3.0360000133514404,0.3996783208265161,0.2941182596152954,0.2941182596152954,1.5602575392014677,1.5602575392014677,0.6484860348814435,169.06421915014909
103.79554248046875,-7.809791659698542,-16.35677370944,-7.809791659698542,-16.35677370944,False,0.0,-8.152154451509697,-16.492583663987787,0.38261514374741173,1.2408036397684081,1.298456014151955,3.0360000133514404,0.516409777387103,0.3683159309220829,0.3683159309220829,1.62582219330239,1.62582219330239,0.7828376358573801,169.84705678600648
104.35639990234375,-7.547592419603522,-15.778560090582538,-7.547592419603522,-15.778560090582538,False,0.0,-7.818778004020892,-15.791153573530053,0.4272147241019184,1.2428747825095223,1.3142488902363856,3.039999961853028,0.3903897557229568,0.27147783889028615,0.27147783889028615,1.6777879144284051,1.6777879144284051,0.7766234786174061,170.62368026462389
104.7941794433594,-7.238571886400376,-15.244824442841695,-7.238571886400376,-15.244824442841695,False,0.0,-7.5149535663354055,-15.246387764018342,0.47050432999763625,1.2431196451850852,1.3291804906752194,3.039999961853028,0.39318654157803173,0.2763861012728582,0.2763861012728582,1.656900756307869,1.656900756307869,0.6237620348721553,171.24744229949604
105.056833984375,-7.098108007671674,-14.944598140280153,-7.098108007671674,-14.944598140280153,False,0.0,-7.313600377510965,-14.92643278172222,0.4992291571522818,1.2406982286626909,1.3373712446279515,3.039999961853028,0.29430558497880666,0.21625665703162078,0.21625665703162078,1.5655170337929076,1.5655170337929076,0.37804007373013127,171.62548237322616
105.687384765625,-6.901458576855819,-14.32190655172072,-6.901458576855819,-14.32190655172072,False,0.0,-6.969997732597018,-14.196731943095296,0.5098443792502697,1.2213114087169519,1.32345866883529,3.046999931335449,0.2027049046983212,0.14271054100606662,0.14271054100606662,1.6576603196020594,1.6576603196020594,0.8065519769269031,172.43203435015306
105.79500708007814,-6.789087473872858,-14.143994668668892,-6.789087473872858,-14.143994668668892,False,0.0,-6.8843863276926625,-14.084487082890782,0.5212149415542253,1.2142112738829338,1.321353106827918,3.0369999408721924,0.14859395422265254,0.11235223319768808,0.11235223319768808,1.4998527373216732,1.4998527373216732,0.14116735207557185,172.57320170222863
106.34802416992189,-6.545616750544549,-13.565781050518757,-6.545616750544549,-13.565781050518757,False,0.0,-6.582498601133244,-13.45426899070488,0.5263685687724791,1.1986293120928577,1.309112714016553,3.0339999198913574,0.16091276754907796,0.11745301352787949,0.11745301352787949,1.576754012172646,1.576754012172646,0.6987925608974748,173.27199426312612
106.79478979492188,-6.320874544578625,-12.954208953677494,-6.320874544578625,-12.954208953677494,False,0.0,-6.340042013708305,-12.928532488805049,0.5291268789534311,1.1949343196037943,1.3068447812184818,3.0280001163482666,0.044233585130596685,0.03204173405393603,0.03204173405393603,1.5896980514475492,1.5896980514475492,0.5789508322954715,173.8509450954216
106.9858046875,-6.227231958958047,-12.698460622939889,-6.227231958958047,-12.698460622939889,False,0.0,-6.236139013496994,-12.699842794118581,0.5301998055030321,1.1951008132687009,1.3074317525710333,3.0309998989105225,0.011879436564316281,0.00901365728919121,0.00901365728919121,1.488707475944641,1.488707475944641,0.25118680281555683,174.10213189823716
107.42777099609376,-6.068039563462631,-12.231441931166652,-6.068039563462631,-12.231441931166652,False,0.0,-6.018548969720555,-12.186761760110404,0.5238475105767775,1.1893659533196779,1.2996182459682202,3.0280001163482666,0.0892289188908374,0.06667560689306651,0.06667560689306651,1.5223280019430765,1.5223280019430765,0.5573128157592763,174.65944471399644
107.80010717773438,-5.899482908988188,-11.630989327458208,-5.899482908988188,-11.630989327458208,False,0.0,-5.842684573805317,-11.715406762500685,0.5166015995894844,1.2001353045361174,1.306599388447895,3.0169999599456787,0.13611023882115963,0.10174651944266451,0.10174651944266451,1.515932934397304,1.515932934397304,0.5030942451691233,175.16253895916557
108.13014819335936,-5.768383288642842,-11.163970634270326,-5.768383288642842,-11.163970634270326,False,0.0,-5.695731608368152,-11.281289342701873,0.5077565464814653,1.214418390663208,1.3162935607514763,3.0160000324249268,0.18271659452095484,0.13799255775143174,0.13799255775143174,1.4921512383183455,1.4921512383183455,0.458315511654967,175.62085447082055
108.79945385742188,-5.4780912722064095,-10.218813758298362,-5.4780912722064095,-10.218813758298362,False,0.0,-5.391122566134499,-10.396487773469415,0.4945859826908622,1.2413253903926054,1.3362275326858222,3.010999917984009,0.277962536793275,0.1978171163039896,0.1978171163039896,1.6168024786407211,1.6168024786407211,0.9357673244598379,176.5566217952804
108.8496435546875,-5.440634238077313,-10.10761883192146,-5.440634238077313,-10.10761883192146,False,0.0,-5.383434738181642,-10.28195886618373,0.48816436169400035,1.260898037472636,1.352097742373108,3.009999990463257,0.23844990187700316,0.18348359690959948,0.18348359690959948,1.445160862995701,1.445160862995701,0.11478664252728056,176.67140843780768
109.31632812499998,-5.290806100369583,-9.618361154589916,-5.290806100369583,-9.618361154589916,False,0.0,-5.1891052149401995,-9.674899577062497,0.47528104944914634,1.268060238150343,1.354204136584801,3.009000062942505,0.15467645445590703,0.11636005892405095,0.11636005892405095,1.4976227077800766,1.4976227077800766,0.6374048510261147,177.3088132888338
109.79253833007812,-5.12224944589514,-8.828877175404148,-5.12224944589514,-8.828877175404148,False,0.0,-5.004871072722248,-9.007110316507683,0.4590404024611731,1.2927208417008498,1.3718036541938023,3.00600004196167,0.28995563855731904,0.21341212495157635,0.21341212495157635,1.5444626138744413,1.5444626138744413,0.6927371187334556,178.00155040756724
109.98984301757812,-5.047335377636946,-8.506411887991616,-5.047335377636946,-8.506411887991616,False,0.0,-4.9455849359459485,-8.69428580518484,0.4469650386751246,1.3150170190767447,1.3889015466401293,3.00600004196167,0.27935039105895776,0.21365804722930415,0.21365804722930415,1.4577119670507173,1.4577119670507173,0.3183928719337691,178.31994327950102
110.62974438476564,-4.841321688437735,-7.794764357198947,-4.841321688437735,-7.794764357198947,False,0.0,-4.709962107394795,-7.836712813559735,0.42752878374797676,1.321223805708944,1.388673181747617,3.013000011444092,0.19079266315390672,0.1378949329120892,0.1378949329120892,1.5864880933378576,1.5864880933378576,0.8893534467798953,179.2092967262809
110.78950610351563,-4.831957429458708,-7.416701606951626,-4.831957429458708,-7.416701606951626,False,0.0,-4.687238500340792,-7.575590029222452,0.4099121434843742,1.3405652988657641,1.4018356843435715,3.006999969482422,0.28260429391436626,0.21491649349630862,0.21491649349630862,1.4716320796295768,1.4716320796295768,0.26210965418618165,179.4714063804671
111.23033276367188,-4.71022206868806,-6.771771032126561,-4.71022206868806,-6.771771032126561,False,0.0,-4.557907537910284,-6.930949090099275,0.3900093500380703,1.3613649428185586,1.4161291610063311,3.006999969482422,0.2946138835392723,0.22031198429958057,0.22031198429958057,1.510103717585039,1.510103717585039,0.6574864547934152,180.12889283526053
111.78629199218751,-4.6540365171965785,-5.882211619696709,-4.6540365171965785,-5.882211619696709,False,0.0,-4.428469895650066,-6.092581666241492,0.356498008670579,1.3926186025795775,1.437524748460625,3.006999969482422,0.4279408299602875,0.30844101095535587,0.30844101095535587,1.5890047122698394,1.5890047122698394,0.8483006781912996,180.97719351345182
111.93246020507812,-4.644672258217551,-5.637582780677275,-4.644672258217551,-5.637582780677275,False,0.0,-4.440229695277965,-5.829172031181158,0.33199909949717865,1.4155772643142257,1.4539884433207455,3.006999969482422,0.3677146321829654,0.28018422948115074,0.28018422948115074,1.4670922775933561,1.4670922775933561,0.2636720097581593,181.24086552320998
112.59236621093751,-4.485479862722135,-4.88145727947531,-4.485479862722135,-4.88145727947531,False,0.0,-4.295803666079316,-4.8911921566377,0.3032389007745498,1.4170533430562409,1.4491356071844435,3.013999938964844,0.26468628745096406,0.18992584712527183,0.18992584712527183,1.6018190092680247,1.6018190092680247,0.94903378388688,182.18989930709685
112.7934912109375,-4.494844120509821,-4.458916558818693,-4.494844120509821,-4.458916558818693,False,0.0,-4.299353717897833,-4.569634883258901,0.27832316969684323,1.4311646649434941,1.4579767093382945,3.013000011444092,0.2988376644614002,0.2246665192685475,0.2246665192685475,1.5010631338372136,1.5010631338372136,0.32157686939629515,182.51147617649315
113.09217089843752,-4.43865856901834,-4.03637583674743,-4.43865856901834,-4.03637583674743,False,0.0,-4.269230765171911,-4.116962909733021,0.2578007415319702,1.4409260050471717,1.4638063308906804,3.013000011444092,0.24631384024079728,0.1876167824279297,0.1876167824279297,1.4708313974885474,1.4708313974885474,0.4536731289119327,182.96514930540508
113.79776000976562,-4.429294310634984,-3.091218960775466,-4.429294310634984,-3.091218960775466,False,0.0,-4.186947796742265,-3.0976270962121717,0.2193239632451158,1.4419434094342611,1.4585279554620976,3.013000011444092,0.34208446843911994,0.2424312211653627,0.2424312211653627,1.6262158237523008,1.6262158237523008,1.0226514497226347,183.98780075512772
113.9373825683594,-4.43865856901834,-2.8910680928726507,-4.43865856901834,-2.8910680928726507,False,0.0,-4.225472898697348,-2.8950180747063117,0.19253818193021946,1.4424397061573708,1.4552330594789127,3.013999938964844,0.28238180358716375,0.21322226053275217,0.21322226053275217,1.4915950824439648,1.4915950824439648,0.20623917929484598,184.19403993442256
114.57880737304689,-4.363744500760147,-2.23501802491477,-4.363744500760147,-2.23501802491477,False,0.0,-4.177283521097913,-2.0461022990563307,0.1631483913456159,1.4126630009658854,1.4220527950454593,3.013999938964844,0.37264399574977136,0.2654370893700065,0.2654370893700065,1.616618547458947,1.616618547458947,0.8502824297025252,185.0443223641251
114.794458984375,-4.485479862722135,-1.868074767092942,-4.485479862722135,-1.868074767092942,False,0.0,-4.22933251166789,-1.7736246762655266,0.1290727749257581,1.4000981821121696,1.4060350994128268,3.013999938964844,0.3659795197604,0.27300601661760854,0.27300601661760854,1.5191282681790261,1.5191282681790261,0.2774043120448585,185.32172667616996
115.13796582031252,-4.513572637872206,-1.4232950601706928,-4.513572637872206,-1.4232950601706928,False,0.0,-4.266977171820088,-1.325270269237731,0.09707530506077705,1.387378786479666,1.3907708337560267,3.013999938964844,0.35358607360114536,0.2653642468662878,0.2653642468662878,1.5055101453721522,1.5055101453721522,0.44993198901525183,185.7716586651852
115.79182250976562,-4.6634007749842645,-0.6004526037084457,-4.6634007749842645,-0.6004526037084457,False,0.0,-4.338698647291747,-0.4717222616723741,0.04495242139375331,1.366714318741049,1.3674533810119347,3.006999969482422,0.4947212811148031,0.34928923929713573,0.34928923929713573,1.6303587482780502,1.6303587482780502,0.8565559942365837,186.6282146594218
116.13841064453123,-4.691493551325676,-0.2112703603283083,-4.691493551325676,-0.2112703603283083,False,0.0,-4.425363138545203,-0.05721985634397214,0.005811210948835341,1.3440572945678277,1.3440698572818603,3.00600004196167,0.42563980683477587,0.3075011453385712,0.3075011453385712,1.583667071104269,1.583667071104269,0.4234654390469795,187.05168009846878
116.58846777343751,-4.672765033963292,0.1779118830518289,-4.672765033963292,0.1779118830518289,False,0.0,-4.493063584740628,0.44368693529035663,-0.020798472798055308,1.3047020744598496,1.3048678398866937,3.00600004196167,0.44636207440849407,0.32082548097854985,0.32082548097854985,1.5941548632944824,1.5941548632944824,0.5054611402674359,187.55714123873622
116.79524633789065,-4.766407620179541,0.5226161560226705,-4.766407620179541,0.5226161560226705,False,0.0,-4.563951623604841,0.6662353123960917,-0.04594039949811386,1.2868667800583202,1.2876865417964558,3.00600004196167,0.3298636625093554,0.24822347315769316,0.24822347315769316,1.4954563653193067,1.4954563653193067,0.23356561006794357,187.79070684880418
117.12730859375,-4.803864654308637,0.934037384253794,-4.803864654308637,0.934037384253794,False,0.0,-4.633427569985504,1.0550558043297624,-0.06637664655300327,1.2723560745936808,1.274086276420503,3.00600004196167,0.27553063553645146,0.20903171460391923,0.20903171460391923,1.4767648081415934,1.4767648081415934,0.3949788375002267,188.1856856863044
117.767962890625,-4.766407620179541,1.5900874515043515,-4.766407620179541,1.5900874515043515,False,0.0,-4.7014381123268665,1.7912749257506235,-0.07595452702232368,1.2426967829668327,1.245015816996435,3.0,0.29435202606007244,0.21141768313982884,0.21141768313982884,1.5924101754919717,1.5924101754919717,0.7393537912361516,188.92503947754054
117.79070458984376,-4.869414464183476,1.7457603489978712,-4.869414464183476,1.7457603489978712,False,0.0,-4.740199994895234,1.8031012998689295,-0.08989073631388869,1.2365123711380475,1.2397754588845875,3.0,0.18188341515337397,0.14136606283064893,0.14136606283064893,1.4159412484188545,1.4159412484188545,0.04052587648688269,188.96556535402743
118.79755224609374,-5.028606860274562,2.8910680935799737,-5.028606860274562,2.8910680935799737,False,0.0,-4.8956480478499795,2.9965565823352813,-0.11624066078335032,1.2156065457894893,1.2211515734689138,3.0,0.2526215722182632,0.16972291259943037,0.16972291259943037,1.7185405820872808,1.7185405820872808,1.2035362929360547,190.1691016469635
119.79027807617187,-5.12224944589514,3.3914452626296887,-5.12224944589514,3.3914452626296887,False,0.0,-5.058013791404548,3.8604056325059743,-0.13488628539253708,1.0794818486467332,1.087876542418654,3.0,0.8194561623361194,0.4733392523574792,0.4733392523574792,1.949709020007165,1.949709020007165,0.8789754354706599,191.04807708243416
120.78863110351564,-5.056699635424631,3.2024138878596897,-5.056699635424631,3.2024138878596897,False,0.0,-5.127559110806377,4.106900113349892,-0.1102659008928717,0.7652147936586791,0.7731185221774287,3.0,1.7410139901459891,0.9072576245768832,0.9072576245768832,2.076059066531729,2.076059066531729,0.25611731791742387,191.30419440035158
121.53224389648436,-5.019242601295535,2.913307077723637,-5.019242601295535,2.913307077723637,False,0.0,-5.122785735284702,3.8722964347131548,-0.07825398926871355,0.46872886203071956,0.4752161959961816,3.0,1.7728608542520745,0.9645629929742625,0.9645629929742625,2.0256744214967752,2.0256744214967752,0.23465223447425396,191.53884663482583
121.79420629882812,-5.047335377636946,2.857709614888848,-5.047335377636946,2.857709614888848,False,0.0,-5.109089449650488,3.5897329394703283,-0.06556333105661898,0.3182957405758706,0.32497804363984617,3.0,1.1414161909817666,0.7346235179611234,0.7346235179611234,1.790959649884593,1.790959649884593,0.2828952404760758,191.8217418753019
121.99252416992186,-5.0660638944036585,2.846590121756032,-5.0660638944036585,2.846590121756032,False,0.0,-5.105701427741078,3.4169916015278905,-0.059385089943535925,0.22938814273695565,0.23695043561030182,3.0,0.8082109139340957,0.5717770388665507,0.5717770388665507,1.6226085102655239,1.6226085102655239,0.17277455983622753,191.99451643513814
122.61223291015624,-5.0660638944036585,2.8243511376123687,-5.0660638944036585,2.8243511376123687,False,0.0,-5.118010891213009,3.3237082837139273,-0.049893859949223934,0.138150654257159,0.14688431002770125,3.0,0.7387594900855575,0.5020518397936653,0.5020518397936653,1.6981492806308556,1.6981492806308556,0.09409197773108854,192.08860841286923
122.7968474121094,-5.103520929128426,2.835470630037862,-5.103520929128426,2.835470630037862,False,0.0,-5.120821560450299,3.2104772120297964,-0.04739731487926244,0.08403581786437184,0.09648069310436067,3.0,0.5142886928607737,0.37540544532732734,0.37540544532732734,1.558987734237784,1.558987734237784,0.1132659501187283,192.20187436298795
