t_s,gps_x_m,gps_y_m,dropout_active,gps_update_used,dropout_kalman_x_m,dropout_kalman_y_m,dropout_kalman_vx_mps,dropout_kalman_vy_mps,dropout_kalman_speed_mps,gps_horizontal_accuracy_m,innovation_norm_m,residual_norm_m,position_error_to_gps_m,kalman_position_std_x_m,kalman_position_std_y_m,dropout_kalman_step_distance_m,dropout_kalman_cumulative_distance_m
0.0,0.0,0.0,False,True,0.0,0.0,0.0,0.0,0.0,11.27299976348877,0.0,0.0,0.0,3.044750574777699,3.044750574777699,0.0,0.0
2.997633056640625,-4.551029672001302,-5.915570096973188,False,True,-2.091003729919229,-2.717951766710883,-0.7353111934430059,-0.9557803884825711,1.2059016138186698,8.887999534606934,7.4636345467633705,4.034413293373187,4.034413293373187,6.024577471142637,6.024577471142637,3.4292212533901827,3.4292212533901827
3.790923828125001,-4.569758189363687,-7.728047401231342,False,True,-3.562224560331356,-5.467929154269089,-1.0036222725264508,-1.5576608103609426,1.8529880911774543,8.317999839782715,4.655234150754956,2.4745218737935586,2.4745218737935586,5.693080527454247,5.693080527454247,3.1187924528445308,6.5480137062347135
4.788760742187501,-4.073452484919385,-10.352247670233572,False,True,-4.321560528970879,-8.666880436801181,-0.9404270271131482,-1.9869382904018298,2.198255390801947,7.63100004196167,3.3659172935598307,1.7035317176532434,1.7035317176532434,5.362849591239997,5.362849591239997,3.2878382595990696,9.835851965833783
5.788987548828125,-3.970445640319779,-11.6087503418999,False,True,-4.511871959205577,-11.208689161278638,-0.761793513804747,-2.1189310135848274,2.251710016411218,5.8480000495910645,1.6061336915790376,0.6731949249825813,0.6731949249825813,4.457004692894006,4.457004692894006,2.5489233084397998,12.384775274273583
6.031937744140626,-3.923624347211655,-11.808901209802713,False,True,-4.405806714917688,-11.755641957540828,-0.6919874972368285,-2.126641408022259,2.236392267614737,6.078999996185303,0.7780285624379083,0.48511481494393754,0.48511481494393754,3.7299606512122074,3.7299606512122074,0.557141990326414,12.941917264599997
6.670880126953126,-3.811253244228693,-12.053530048114824,False,True,-4.508187425083726,-12.766746268067806,-0.6072077824900693,-2.039881037615124,2.128336425177717,6.251999855041504,1.4833308942623502,0.9971933758545005,0.9971933758545005,3.5791467716567333,3.5791467716567333,1.0162744395980536,13.95819170419805
6.790715820312499,-3.895531571465914,-12.509429247462569,False,True,-4.388629000410033,-12.870404905114732,-0.5586866275057617,-2.0043607635224197,2.080767362801988,5.906000137329102,0.8494543407848727,0.6111043281214039,0.6111043281214039,3.1284629958347647,3.1284629958347647,0.15823820633741276,14.116429910535462
7.273615234375001,-3.801888985845336,-12.80965554931679,False,True,-4.418864787473638,-13.550616196325995,-0.49510098230127464,-1.927997216221421,1.9905522470995922,5.692999839782715,1.3385707880941562,0.9642000934511393,0.9642000934511393,3.0107273145677667,3.0107273145677667,0.6808829587459576,14.79731286928142
7.789001708984374,-3.773796210099596,-13.688095469321148,False,True,-4.416306051507301,-14.299164507123665,-0.4243738402417813,-1.8607310611223402,1.9085107382739628,5.4670000076293945,1.2423680123782075,0.8866928810285153,0.8866928810285153,2.9251671951710123,2.9251671951710123,0.7485526840027964,15.545865553284216
7.832535888671876,-3.867438795720174,-13.821529381256358,False,True,-4.2995154828219,-14.246979177241395,-0.3870954057155186,-1.8240243772458598,1.8646468249813979,5.290999889373779,0.7962136700579802,0.6063808971599551,0.6063808971599551,2.5835004016799434,2.5835004016799434,0.1279192932625128,15.673784846546729
8.4737783203125,-3.79252472746198,-14.288548073736916,False,True,-4.342625449963966,-15.11024200084252,-0.327210978392885,-1.7345740852422398,1.765166927396608,5.081999778747559,1.3575326299310508,0.9888335121442016,0.9888335121442016,2.6484730157463607,2.6484730157463607,0.8643385747950731,16.5381234213418
8.789412353515624,-3.895531571465914,-14.955717633412968,False,True,-4.3041683474182095,-15.476944589409438,-0.2851528715502224,-1.6809278637207228,1.7049430029141885,4.935999870300293,0.8920399391065452,0.6623152982666434,0.6623152982666434,2.5048791656848075,2.5048791656848075,0.3687136249149102,16.90683704625671
8.993162353515626,-3.9517171229573953,-15.289302413250994,False,True,-4.25969590570359,-15.686985336646329,-0.2543438027464719,-1.6411451214171382,1.6607372096592554,4.61299991607666,0.670515729214126,0.5029936760855823,0.5029936760855823,2.305764535709473,2.305764535709473,0.21469726028035732,17.121534306537068
9.792970458984374,-4.0359954501946165,-16.479088128949716,False,True,-4.330269625591248,-16.8376918743886,-0.21315679232241871,-1.590954457620056,1.6051703661400898,4.385000228881836,0.6733169917024224,0.46389000479441617,0.46389000479441617,2.445547797522696,2.445547797522696,1.1528686767978336,18.2744029833349
9.81459765625,-4.073452484919385,-16.5791635621938,False,True,-4.2697902661613965,-16.7991653820187,-0.19294173719743202,-1.5683029389606096,1.5801267741245475,4.276000022888184,0.39262674089239574,0.2948717095099226,0.2948717095099226,2.133621215463702,2.133621215463702,0.0717080437006416,18.346111027035544
10.273771728515625,-4.129638036410865,-17.05730174709985,False,True,-4.299930374358797,-17.40123317050945,-0.17396964493728106,-1.5299858967805495,1.539844888846596,4.2170000076293945,0.5155166186961593,0.3837815842016476,0.3837815842016476,2.131733506406103,2.131733506406103,0.6028217382114661,18.94893276524701
10.791307373046877,-4.288830431906281,-17.724471306775904,False,True,-4.362430853385913,-18.065479257208544,-0.1648797481485893,-1.4878702809832427,1.4969780574152367,4.131999969482422,0.47937400412182646,0.3488602073900799,0.3488602073900799,2.1560125374337744,2.1560125374337744,0.6671800158680413,19.616112781115053
11.035275146484375,-4.345015983397762,-18.01357811620463,False,True,-4.387065431235462,-18.316249511266573,-0.15970818319549535,-1.4506454216926288,1.459410443726298,3.83899998664856,0.4188783169801597,0.3055783523945992,0.3055783523945992,1.9965907636438762,1.9965907636438762,0.2519773457002711,19.868090126815325
11.495486572265625,-4.410565793868271,-18.480596807977868,False,True,-4.446999954044847,-18.84731732342346,-0.15517470076790868,-1.4050145905014928,1.4135576349341004,3.815999984741211,0.5057339433071195,0.36852596174008373,0.36852596174008373,1.9876366702722594,1.9876366702722594,0.534439115459836,20.40252924227516
11.788225830078124,-4.485479862722135,-18.858659558932512,False,True,-4.490487133997754,-19.146993009753178,-0.1545249075578837,-1.3675975806664957,1.3762997819154899,3.5239999294281006,0.4000209997957521,0.28837692630961476,0.28837692630961476,1.8617112902964341,1.8617112902964341,0.30281455017459713,20.70534379244976
12.157347900390624,-4.551029672001302,-19.27008078787096,False,True,-4.54846180511145,-19.549823204523634,-0.15484068737090673,-1.3331966510956172,1.3421583173970437,3.492000102996826,0.3817387541057036,0.27975420214009683,0.27975420214009683,1.8049214995498712,1.8049214995498712,0.40698062399768414,21.112324416447443
12.747392333984374,-4.625943740855168,-19.870533391579404,False,True,-4.635819562391708,-20.202030276044084,-0.15348063331041303,-1.2875443798299762,1.2966598763103312,3.461999893188477,0.466141797782838,0.3316439600849251,0.3316439600849251,1.8596262926278797,1.8596262926278797,0.6580314900506804,21.770355906498125
12.79258447265625,-4.6540365171965785,-19.981728317956303,False,True,-4.645396224420361,-20.195030326238253,-0.1543797849591233,-1.265347116683079,1.2747299493234663,3.41599988937378,0.27871722683355815,0.2134769341085162,0.2134769341085162,1.6526994871897205,1.6526994871897205,0.011862198484901547,21.782218104983027
13.347540771484374,-4.71022206868806,-20.58218092166475,False,True,-4.725677249320997,-20.8157425120385,-0.15247206684907336,-1.2365173225609387,1.2458823460353312,3.3949999809265137,0.3157507844108624,0.23407238005863062,0.23407238005863062,1.7267170587732428,1.7267170587732428,0.6258823056773671,22.408100410660396
13.802817382812504,-4.822593171671022,-21.07143859899629,False,True,-4.8027172989373454,-21.29352292049318,-0.1551964063343618,-1.2060767429584967,1.216020984376699,3.2799999713897705,0.30848941183590467,0.222971962747919,0.222971962747919,1.7269552244113002,1.7269552244113002,0.4839517413420589,22.892052152002453
14.107260986328123,-4.888142980950189,-21.39390388640883,False,True,-4.859904836777423,-21.591246540917084,-0.15876239627159966,-1.1811557737949872,1.1917778570015198,3.246999979019165,0.26951896329688135,0.1993527428321122,0.1993527428321122,1.656729723157872,1.656729723157872,0.3031662392855213,23.195218391287973
14.60833056640625,-4.963057049804053,-21.87204207060756,False,True,-4.945826943832316,-22.09912158439877,-0.16105171304628077,-1.150984343569232,1.1621973212052406,3.263000011444092,0.31193980684096545,0.2277322597601178,0.2277322597601178,1.6953414651792957,1.6953414651792957,0.5150919027438473,23.71031029403182
14.796514404296872,-5.075428152787016,-22.03883446123389,False,True,-4.999636417182361,-22.250181846601066,-0.1695176718501471,-1.1273767794522613,1.1400502813111564,3.257999897003174,0.2941494500590912,0.2245264004243325,0.2245264004243325,1.5850521918873408,1.5850521918873408,0.16035791916471054,23.87066821319653
15.188967529296876,-5.150342222236551,-22.394658225922903,False,True,-5.0862738991950165,-22.621441678936186,-0.17679530235674246,-1.1016160587452353,1.1157125614694843,3.260999917984009,0.30962845415736895,0.23565967957625336,0.23565967957625336,1.5938761334179474,1.5938761334179474,0.38123472611370895,24.25190293931024
15.787572021484374,-5.346991651861064,-22.87279641012163,False,True,-5.2344900382003905,-23.16920153968249,-0.19212340474501285,-1.0612314986799816,1.0784821261575805,3.2249999046325684,0.43648298066700597,0.31703724372105796,0.31703724372105796,1.6870632925932616,1.6870632925932616,0.5674582706300705,24.81936120994031
15.889085449218747,-5.393812945564859,-22.93951336608924,False,True,-5.285836716900985,-23.200084902061057,-0.2036761112727419,-1.0333521541074555,1.0532334179571519,3.2230000495910645,0.3652397743750732,0.2820574255629249,0.2820574255629249,1.5381081343434797,1.5381081343434797,0.05991880744297271,24.879280017383284
16.596787841796875,-5.515548306335507,-23.64004140445641,False,True,-5.45377478551275,-23.850369471994227,-0.2125313016737255,-1.0032017747877753,1.0254673837467823,3.2149999141693115,0.303655315941191,0.21921191543579838,0.21921191543579838,1.6954046827332,1.6954046827332,0.6716198454350628,25.550899862818348
16.790072509765622,-5.65601218565988,-23.76235582396613,False,True,-5.534081816817872,-23.97565077763408,-0.22721909989357328,-0.9775081492329635,1.003568981771208,3.213000059127808,0.32472959073943153,0.2456862879897078,0.2456862879897078,1.5851937093558655,1.5851937093558655,0.14881070129485935,25.699710564113207
17.209831787109373,-5.787111806005226,-24.10706009622965,False,True,-5.669361050250801,-24.3153770421422,-0.24225783116268337,-0.9509026081618367,0.9812770388471498,3.190000057220459,0.3203817703990363,0.239293105698995,0.239293105698995,1.6048589435867522,1.6048589435867522,0.36566980432466883,26.065380368437875
17.8096142578125,-5.918211425754901,-24.629676251545,False,True,-5.844416127757572,-24.812143784134754,-0.2533816376457111,-0.9233976914930613,0.9575309660531806,3.1670000553131104,0.2761819082728693,0.1968251672320073,0.1968251672320073,1.6976273760150495,1.6976273760150495,0.526708150792068,26.592088519229943
18.393038330078127,-6.171046407466566,-25.185650884844147,False,True,-6.047813550098614,-25.299526942316326,-0.27386460799399115,-0.904469948045409,0.945022597840373,3.1410000324249268,0.2434529315096784,0.16779181625000958,0.16779181625000958,1.7510429793288846,1.7510429793288846,0.5281220070154468,27.12021052624539
18.79306689453125,-6.348967320920036,-25.608191606208088,False,True,-6.2140512259198735,-25.64561682533285,-0.2945864140941181,-0.8987217966928431,0.9457705975656271,3.130000114440918,0.198835189101377,0.14001071286380032,0.14001071286380032,1.7024594034102587,1.7024594034102587,0.38394423031066105,27.50415475655605
19.071347900390627,-6.433245647561587,-25.88617892321132,False,True,-6.332547646935074,-25.893176372167062,-0.3079067126403843,-0.8977961764365046,0.9491282938112294,3.130000114440918,0.13754751374785743,0.10094083228339916,0.10094083228339916,1.6147234826659111,1.6147234826659111,0.2744578856986468,27.7786126422547
19.795043457031248,-6.583073785269317,-26.64230442370597,False,True,-6.564161196561783,-26.57442844661574,-0.31111394466075903,-0.9093067110600003,0.961057012534185,3.0850000381469727,0.10318328089543377,0.07046158015240299,0.07046158015240299,1.7372744858493414,1.7372744858493414,0.7195479312118911,28.498160573466592
19.81899365234375,-6.60180230203603,-26.686782394822583,False,True,-6.578978278509416,-26.61830557822151,-0.31380856574204996,-0.9173911346226459,0.9695784186012538,3.0850000381469727,0.09547469352147947,0.07218040220004658,0.07218040220004658,1.5238274356209778,1.5238274356209778,0.04631143050471193,28.544472003971304
20.292908691406247,-6.676716370889895,-27.164920579021317,False,True,-6.714465639450177,-27.082099931814536,-0.3087737847395226,-0.9284372776891754,0.9784360115742143,3.075000047683716,0.12292002615456209,0.09101794812335814,0.09101794812335814,1.566546502543748,1.566546502543748,0.48317908419080574,29.02765108816211
20.77211767578125,-6.732901922381376,-27.70977571989497,False,True,-6.827129968214709,-27.57682560755482,-0.29522913758412606,-0.9475479611910151,0.9924753812744759,3.075999975204468,0.2240079900076489,0.16295599710605116,0.16295599710605116,1.6058482233130102,1.6058482233130102,0.5073921020400723,29.53504319020218
20.79526586914063,-6.732901922381376,-27.77649267586257,False,True,-6.812015422397983,-27.637359530583847,-0.2867975955671165,-0.96237611264595,1.0042014952262368,3.075999975204468,0.2044567842587299,0.1600530474562358,0.1600530474562358,1.43349216835558,1.43349216835558,0.06239234995197774,29.59743554015416
21.593641601562503,-6.826544508001954,-28.64381310344144,False,True,-6.97896583118454,-28.47456577404284,-0.2619799362099574,-0.9899334286462295,1.0240125390481567,3.075999975204468,0.3204450334410602,0.22776505058785468,0.22776505058785468,1.6542552727398296,1.6542552727398296,0.8536900685147498,30.45112560866891
21.79750048828125,-6.826544508001954,-28.888441941753552,False,True,-6.979404376962819,-28.730947014880748,-0.24070399617880128,-1.0118545034328041,1.0400903566006614,3.049999952316284,0.2955312521096141,0.21947845345136463,0.21947845345136463,1.5472330218171455,1.5472330218171455,0.2563816159087554,30.707507224577665
22.134552490234377,-6.845273025364337,-29.27762418513369,False,True,-7.006080393119216,-29.124011898466318,-0.21880559796471552,-1.0327730911255395,1.055696996042756,3.0460000038146973,0.29769258252554265,0.2223864747223438,0.2223864747223438,1.5320078603140392,1.5320078603140392,0.3939690502388658,31.10147627481653
22.790485107421876,-6.83590876698098,-30.067108164319457,False,True,-7.055452288762192,-29.881176890682944,-0.18169276408571383,-1.0642039273232928,1.0796028248626564,3.0390000343322754,0.41107459317647704,0.28769740435428537,0.28769740435428537,1.6648987315080643,1.6648987315080643,0.7587729630909269,31.860249237907457
22.82084838867188,-6.826544508001954,-30.13382512028706,False,True,-7.0051499002466615,-29.965954023499382,-0.15967611564114836,-1.0848973614661663,1.0965850385731584,3.013999938964844,0.3217182215459151,0.24511342532710037,0.24511342532710037,1.470731486997454,1.470731486997454,0.09857734292900815,31.958826580836465
23.41429150390625,-6.826544508001954,-30.74539721712832,False,True,-7.024039228351305,-30.64741835116645,-0.12934601151000874,-1.0999443926071397,1.1075233891532208,3.006999969482422,0.3051561108846037,0.22046320042365977,0.22046320042365977,1.5841485962257007,1.5841485962257007,0.6817260715265149,32.64055265236298
23.794168457031247,-6.7703589565104725,-31.167937938492265,False,True,-6.990437631005277,-31.093315647361948,-0.09654099635242122,-1.111067621140042,1.1152539722962256,3.006999969482422,0.31974960077688697,0.2323856908265399,0.2323856908265399,1.5717897398397291,1.5717897398397291,0.4471615659900338,33.087714218353014
24.03538354492188,-6.742266181360403,-31.42368626993719,False,True,-6.9462225803398665,-31.376829739187844,-0.06993448349095029,-1.1171801476126824,1.119366925632985,3.00600004196167,0.2785302147895472,0.20926955621526605,0.20926955621526605,1.4989810192914075,1.4989810192914075,0.2869411280545327,33.37465534640754
24.800295166015623,-6.629895078377441,-32.29100669751605,False,True,-6.884668396241419,-32.24992504294919,-0.025233697525404775,-1.1243880540893116,1.1246711677950816,3.006999969482422,0.37459818636412967,0.25806422812426155,0.25806422812426155,1.6771690426821164,1.6771690426821164,0.8752624332336768,34.24991777964122
24.82571313476563,-6.611166561015057,-32.34660416035084,False,True,-6.819276452146689,-32.294907932582,0.000454282266981125,-1.130769161911951,1.1307692531650453,3.006999969482422,0.2824748548348055,0.21443466779499026,0.21443466779499026,1.4757958203429842,1.4757958203429842,0.07936980982846088,34.329287589469686
25.326709960937507,-6.57370952688596,-32.91369828678281,False,True,-6.75442801256406,-32.8751895482869,0.02622647200614246,-1.136260877446245,1.1365635087617407,3.009999990463257,0.2508474412009569,0.18477579388635387,0.18477579388635387,1.544789198144183,1.544789198144183,0.5838938890255565,34.91318147849524
25.79450732421876,-6.517523975394479,-33.51415089049126,False,True,-6.679784400957459,-33.436557327078724,0.050946844354890636,-1.1480822551652348,1.1492120977326215,3.003000020980835,0.24899884495387886,0.17985885240080482,0.17985885240080482,1.5824184329105964,1.5824184329105964,0.5663086188813887,35.479490097376626
25.84692041015625,-6.508159716415451,-33.61422632444266,False,True,-6.639187171205298,-33.52310706263829,0.06599207485401178,-1.1585450264901864,1.1604229971646909,3.003000020980835,0.2057924665971844,0.1595960957557516,0.1595960957557516,1.422802201289342,1.422802201289342,0.09559807419075138,35.57508817156738
26.567077148437495,-6.489431199053068,-34.34811284008632,False,True,-6.562602209212248,-34.354789423271214,0.07767783807628188,-1.157478743954758,1.1600822769249126,3.01200008392334,0.10265603578962021,0.07347498547627984,0.07347498547627984,1.605880389451676,1.605880389451676,0.8352010568668072,36.41028922843419
26.795969482421874,-6.45197416492397,-34.67057812749885,False,True,-6.521169986866044,-34.632681257600304,0.08718289753987142,-1.1626844340059743,1.165948519748295,3.01200008392334,0.10586112598730481,0.07889381802363568,0.07889381802363568,1.520216782015339,1.520216782015339,0.2809635218944471,36.69125275032864
27.046725830078124,-6.433245647561587,-34.98192392177857,False,True,-6.483609081201983,-34.93794181837393,0.09348464568658992,-1.1681877152277818,1.171922316959726,3.01200008392334,0.08770782462568329,0.06686479543038203,0.06686479543038203,1.4683048329551458,1.4683048329551458,0.3075627279078737,36.99881547823651
27.808158447265622,-6.405152872411517,-35.78252739338983,False,True,-6.4102463122661115,-35.813975190738006,0.09434849336869547,-1.1628541670516812,1.1666753841709365,3.0390000343322754,0.045495903425767925,0.03185760643244367,0.03185760643244367,1.663890070738628,1.663890070738628,0.8790998608585463,37.877915339095054
28.30906127929687,-6.3583315793033925,-36.4163384757894,False,True,-6.361562725874963,-36.40253579867412,0.09490241659842134,-1.165220393193766,1.169078711375267,3.052999973297119,0.02042396555135005,0.014175831676329666,0.014175831676329666,1.6886200010884713,1.6886200010884713,0.5905706399729297,38.468485979067985
28.794538085937496,-6.227231958958047,-37.01679107949785,False,True,-6.2883747566332335,-36.98314453509003,0.10522001642354385,-1.1708981114843544,1.1756162806518964,3.058000087738037,0.10073866623310611,0.06978919442246344,0.06978919442246344,1.694985612299201,1.694985612299201,0.5852033694744085,39.05368934854239
28.83015234375,-6.189774924828949,-37.09462752859827,False,True,-6.261812795710605,-37.04162976613857,0.11390503518673947,-1.17728761961024,1.1827850592260782,3.052999973297119,0.11775639953667558,0.0894327550000363,0.0894327550000363,1.4973009804129769,1.4973009804129769,0.06423441459884817,39.11792376314124
29.63017309570312,-6.133589373337468,-38.00642592658643,False,True,-6.159292688454325,-37.99053042137021,0.11834935872042734,-1.180036088731485,1.1859560453145965,3.062000036239624,0.04361775130133987,0.030221308609578314,0.030221308609578314,1.6969470876450508,1.6969470876450508,0.9544227710458684,40.07234653418711
29.801671386718745,-6.068039563462631,-38.21769628691474,False,True,-6.120549964104041,-38.19934950625577,0.12558117047303485,-1.182562835097373,1.1892121296601854,3.062000036239624,0.07516275991237478,0.05562325535304068,0.05562325535304068,1.5612074174485584,1.5612074174485584,0.2123826944516092,40.284729228638724
30.170760498046874,-6.039946787121219,-38.62911751585318,False,True,-6.065357209975688,-38.63409021343818,0.12907227953508507,-1.1818796418384003,1.1889066999291613,3.062000036239624,0.03490225028187542,0.02589241801985158,0.02589241801985158,1.5557393265540442,1.5557393265540442,0.43823021642708726,40.72295944506581
30.7299619140625,-6.058675304483604,-39.28516758310374,False,True,-6.011836751025991,-39.29219842590054,0.121794340961776,-1.180787164846343,1.187051890254246,3.072000026702881,0.06622927157669,0.04736330689927431,0.04736330689927431,1.6395917877151185,1.6395917877151185,0.6602808938903107,41.38324033895612
30.794526611328124,-6.039946787121219,-39.36300403149684,False,True,-6.012265877427251,-39.367183494100075,0.11855708211983043,-1.180298380250154,1.1862377704920315,3.072000026702881,0.036381388125661135,0.027994654295730274,0.027994654295730274,1.4749524255235185,1.4749524255235185,0.07498629609707144,41.458226635053194
31.311154785156248,-6.049311046100248,-39.90785917237049,False,True,-5.97628532057791,-39.959194968400475,0.10863034417574677,-1.1733200586970916,1.1783380295215322,3.072000026702881,0.12015280807614856,0.08926432961769097,0.08926432961769097,1.5575877054632459,1.5575877054632459,0.5931038578314265,42.05133049288462
31.79842529296875,-6.039946787121219,-40.41935583526035,False,True,-5.95531646148853,-40.500334789288935,0.09623678877487944,-1.161461222688195,1.1654414147961525,3.066999912261963,0.16137072830701,0.11713190433122468,0.11713190433122468,1.605843324531352,1.605843324531352,0.5415459341576718,42.59287642704229
32.011669433593745,-6.039946787121219,-40.65286518114697,False,True,-5.960553104076791,-40.72470258365642,0.08629785572675237,-1.15246822593437,1.1556947398389201,3.062000036239624,0.1418078121967573,0.10706992718155832,0.10706992718155832,1.5155029976861052,1.5155029976861052,0.22442889647932743,42.817305323521616
32.59231323242187,-6.058675304483604,-41.24219829242992,False,True,-5.9514574323096125,-41.35190966388271,0.07067433791539225,-1.136481361699461,1.138676752871525,3.062000036239624,0.2120812266582492,0.1534022722764243,0.1534022722764243,1.6106280614112736,1.6106280614112736,0.6272730288565556,43.44457835237817
32.79021801757812,-6.049311046100248,-41.45346865275823,False,True,-5.964761662505589,-41.54672370918449,0.06029563309388177,-1.1250340079446244,1.126648606443969,3.056999921798706,0.16650827585211309,0.1258773363846783,0.1258773363846783,1.5101008353060235,1.5101008353060235,0.195267802742676,43.63984615512085
33.37293798828125,-6.049311046100248,-42.04280176404118,False,True,-5.963130198660493,-42.157653341641804,0.04761435199422198,-1.1081339056183965,1.109156381804167,3.0220000743865967,0.19941230082334344,0.1435897745063581,0.1435897745063581,1.598907140594436,1.598907140594436,0.610931810833833,44.25077796595468
33.78614624023437,-6.039946787121219,-42.45422299297963,False,True,-5.970186197309757,-42.57085336083772,0.037562007813521384,-1.0913277317772667,1.091973956913395,3.0199999809265137,0.18797562759429254,0.1359013708450197,0.1359013708450197,1.5895262649419426,1.5895262649419426,0.41326026058700666,44.66403822654169
33.83316357421875,-6.030582528737863,-42.50982045581442,False,True,-5.982268285463594,-42.59713733082563,0.03234699857487568,-1.0819028028326452,1.082386254113538,3.0220000743865967,0.12839543833480635,0.09979229812409784,0.09979229812409784,1.4263513944907749,1.4263513944907749,0.028927909231099013,44.69296613577279
34.57500122070312,-6.077403821845987,-43.26594595772371,False,True,-5.991928733508392,-43.36193637479935,0.019247972674022375,-1.0671923066639684,1.0673658715992476,3.0199999809265137,0.17914100077125927,0.1285307391119922,0.1285307391119922,1.6051984566655666,1.6051984566655666,0.7648600538134659,45.45782618958626
34.79205859375,-6.086768080229344,-43.499455302903,False,True,-6.012685657574653,-43.569875975524994,0.00948356812804982,-1.057910537639139,1.057953044190701,3.01200008392334,0.13661465101000303,0.10221191945620701,0.10221191945620701,1.511481390352784,1.511481390352784,0.2089730304288884,45.66679922001514
35.216444580078125,-6.114860855975085,-43.95535450225074,False,True,-6.036279571928206,-44.00232860683867,-0.001359464006209541,-1.0514288196104407,1.0514296984819236,3.013000011444092,0.12372800843523078,0.09155099510269445,0.09155099510269445,1.536519185347422,1.536519185347422,0.43309577592565174,46.099894995940794
35.791671386718754,-6.208503441595663,-44.5780460915175,False,True,-6.0870152832289905,-44.59866183292914,-0.020698245645173575,-1.0481471555631368,1.0483515045479175,3.0,0.1738927587255482,0.12322492206236997,0.12322492206236997,1.6193722280967926,1.6193722280967926,0.5984876180345478,46.69838261397534
35.83593896484375,-6.21786770057469,-44.6447630474851,False,True,-6.118035094416895,-44.6449917930327,-0.03236412964571251,-1.0481204256286327,1.048619980501836,3.0,0.12993649722243855,0.09983286821875348,0.09983286821875348,1.4439930526325677,1.4439930526325677,0.055755662397024335,46.754138276372366
36.417523925781246,-6.320874544578625,-45.278574129884674,False,True,-6.18605003325734,-45.260981694822185,-0.051736234218079005,-1.050648174391623,1.051921206309445,3.003000020980835,0.18557688929569732,0.13596743221981947,0.13596743221981947,1.5526573624002147,1.5526573624002147,0.6197334838558317,47.3738717602282
36.79656958007812,-6.414517130794874,-45.6788758656903,False,True,-6.261019441787329,-45.664433842118264,-0.07343519137758747,-1.052689748130045,1.0552480434242748,3.002000093460083,0.20977908919632715,0.1541755900767443,0.1541755900767443,1.545541478511096,1.545541478511096,0.4103584376775424,47.78423019790574
37.213150634765626,-6.498795458032095,-46.12365557190523,False,True,-6.347204867594898,-46.10851649215971,-0.09495500980920435,-1.0548388937096347,1.0591041240456163,3.003000020980835,0.20821493605019026,0.15234467120526227,0.15234467120526227,1.5555707212803258,1.5555707212803258,0.4523685750463488,48.23659877295209
37.70732495117187,-6.592438044248344,-46.67963020520438,False,True,-6.449739475772767,-46.643766881664334,-0.11609678413312989,-1.06015229174081,1.0664901991904783,3.013000011444092,0.20447583718807535,0.14713619344103335,0.14713619344103335,1.5955324120517909,1.5955324120517909,0.5449828670142232,48.78158163996632
37.79865112304688,-6.639259336760798,-46.80194462400677,False,True,-6.501693759222032,-46.75476770637115,-0.1318195503969638,-1.065544277601692,1.0736670812670792,3.013000011444092,0.18914590912041176,0.14543022272269496,0.14543022272269496,1.448502695990826,1.448502695990826,0.12255786655420933,48.90413950652053
38.348668457031245,-6.751630439743759,-47.35791925730592,False,True,-6.620405670484908,-47.34528462812588,-0.14950050626175646,-1.0672466415849704,1.0776668294732468,3.01200008392334,0.17825417633273494,0.1318316119963486,0.1318316119963486,1.537091376760123,1.537091376760123,0.6023310989434063,49.50647060546394
38.798517578125,-6.920187094218202,-47.84717693534479,False,True,-6.750113308825136,-47.831237803880214,-0.17327775437219853,-1.0694750195952691,1.0834214312531267,3.013000011444092,0.2335476973190322,0.17081905160072725,0.17081905160072725,1.5615082898732666,1.5615082898732666,0.5029657647092098,50.00943637017315
39.06718261718751,-7.013829679838781,-48.13628374477352,False,True,-6.850495903771706,-48.122959531739156,-0.19370052871370375,-1.0711410399532826,1.0885141350924976,3.013000011444092,0.21788407890789865,0.1638763468512605,0.1638763468512605,1.5000797728656206,1.5000797728656206,0.30850969494201264,50.31794606511516
39.570368896484375,-7.13556504180077,-48.62554142139774,False,True,-6.997928725101429,-48.65224789758894,-0.21250953291800667,-1.067491405648844,1.0884384239428404,3.01200008392334,0.19110067857651514,0.14020339348643635,0.14020339348643635,1.5544300152277721,1.5544300152277721,0.5494384506286214,50.86738451574378
39.79598974609375,-7.210479110654636,-48.870170260417176,False,True,-7.085350525518498,-48.88759812202923,-0.22734848949709138,-1.0654246414362842,1.0894113099542542,3.013000011444092,0.16619269468961312,0.1263364285490954,0.1263364285490954,1.4755076775050526,1.4755076775050526,0.2510623415254791,51.11844685726926
40.36784716796876,-7.3415787304043105,-49.403905908158016,False,True,-7.249352654682653,-49.47183346210525,-0.24010152220129827,-1.0560316112089072,1.0829826890748815,3.013000011444092,0.15675764656727698,0.11454170257278144,0.11454170257278144,1.5635904833563092,1.5635904833563092,0.6068176257856386,51.7252644830549
40.79405078125,-7.388400024108106,-49.87092459993126,False,True,-7.361617409217397,-49.90812265522711,-0.24381356564714676,-1.0508759982143303,1.0787888664685694,3.013000011444092,0.0628357394221048,0.04583670775892811,0.04583670775892811,1.5671402307676852,1.5671402307676852,0.4505015373399613,52.17576602039486
41.04940087890624,-7.425857058237203,-50.16003140935999,False,True,-7.424364141714521,-50.17241006310017,-0.24399607436716989,-1.0493627104883223,1.0773561075475406,3.013000011444092,0.01655161169032576,0.012468354669446478,0.012468354669446478,1.4965193876367464,1.4965193876367464,0.27163391982469404,52.447399940219555
41.6494345703125,-7.613142230074029,-50.804961983477725,False,True,-7.582555649932619,-50.80286937088548,-0.24839240045825026,-1.0496634896959114,1.0786529683851107,3.0160000324249268,0.042471274373524645,0.030658080700006512,0.030658080700006512,1.5906233654302495,1.5906233654302495,0.6500026861832549,53.09740262640281
41.79875830078125,-7.566320936370235,-50.97175437410406,False,True,-7.606995944927995,-50.9624903119242,-0.24365645261399044,-1.050742140121946,1.0786229702395926,3.0160000324249268,0.05469120661135732,0.04171665338022883,0.04171665338022883,1.4689898514177755,1.4689898514177755,0.16148118415947638,53.25888381056229
42.329498046875,-7.603777971095001,-51.51660951427039,False,True,-7.701653727569365,-51.519232175293844,-0.23053483873982822,-1.0503905357358125,1.0753913657065346,3.0160000324249268,0.13258371061641797,0.09791088834380463,0.09791088834380463,1.5423425992146402,1.5423425992146402,0.5647314390423869,53.82361524960468
42.796757324218746,-7.547592419603522,-52.02810617645292,False,True,-7.7379450820578555,-52.014967189128136,-0.20354288769937268,-1.0522536402388918,1.071759035664733,3.00600004196167,0.2624037200843154,0.19080557929833836,0.19080557929833836,1.570199594770113,1.570199594770113,0.49706163234743306,54.32067688195211
42.990264648437496,-7.538228161220165,-52.25049602991405,False,True,-7.7199314771472265,-52.226246482989815,-0.18183254932371196,-1.0551510329831881,1.0707038705445353,3.00600004196167,0.2412238699940865,0.18331430807473875,0.18331430807473875,1.4728346123958769,1.4728346123958769,0.21204582046474305,54.532722702416855
43.61186083984375,-7.575685195349261,-52.8731876191808,False,True,-7.761494891053786,-52.879641978940384,-0.15470796302154055,-1.054208822526084,1.0655002558958429,3.00600004196167,0.25742787000111716,0.1859217625177708,0.1859217625177708,1.5842830265491528,1.5842830265491528,0.6547161152011292,55.18743881761799
43.80428662109375,-7.528863902241137,-53.08445797950911,False,True,-7.72741247128431,-53.08297564615957,-0.13039818410359613,-1.0543903156296792,1.062422996791377,3.00600004196167,0.2624081023237925,0.19855410240347815,0.19855410240347815,1.4828404200008158,1.4828404200008158,0.20617029747794535,55.393609115095934
44.812426757812496,-7.613142230074029,-54.0296148561884,False,True,-7.773991763603024,-54.105764599143605,-0.0969776865227639,-1.0385683095325546,1.043086192626772,3.006999969482422,0.2718763921005618,0.1779644790081399,0.1779644790081399,1.7672908076328795,1.7672908076328795,1.0238490478674551,56.41745816296339
45.39420727539062,-7.566320936370235,-54.56335050392924,False,True,-7.7370342592025985,-54.65813689328898,-0.06045606837394888,-1.0182901481069184,1.0200832132403932,3.006999969482422,0.3020679231725069,0.19526263902836877,0.19526263902836877,1.7880410648115737,1.7880410648115737,0.553607269163742,56.97106543212713
45.79717797851562,-7.510135384878752,-54.90805477619276,False,True,-7.679403620642864,-55.01612791674202,-0.028719760783559353,-0.9980273834172078,0.9984405253744777,3.006999969482422,0.29810677085323367,0.20082713797411642,0.20082713797411642,1.7177440981834313,1.7177440981834313,0.3626001425451415,57.333665574672274
46.014368408203126,-7.500771127091067,-55.09708615237741,False,True,-7.634116570902638,-55.19504037947946,-0.008799034334048553,-0.9833938173432842,0.9834331817638697,3.00600004196167,0.22938969904728093,0.16545705785026188,0.16545705785026188,1.586950387594125,1.586950387594125,0.18455510341615664,57.51822067808843
46.79762695312499,-7.49140686811204,-55.81985317559557,False,True,-7.590328065514408,-55.916021796681704,0.010708498045094834,-0.964429100589355,0.9644885494364224,3.0,0.2086458576351116,0.13796306381465673,0.13796306381465673,1.7461165347598404,1.7461165347598404,0.7223099315080019,58.24053060959643
47.35661401367187,-7.472678350749656,-56.34246933020359,False,True,-7.546113495429707,-56.416556892686685,0.025245275175337242,-0.9497631747764221,0.9500986328166497,3.0,0.15861950208173553,0.10431532672079542,0.10431532672079542,1.7553332326031064,1.7553332326031064,0.5024841395909829,58.74301474918742
47.79120874023437,-7.538228161220165,-56.79836852955133,False,True,-7.536137572185056,-56.81933480318654,0.024870527974408047,-0.946004878800141,0.946331746204995,3.0,0.031103911880153604,0.021070244247759107,0.021070244247759107,1.7038980413938207,1.7038980413938207,0.4029014324015418,59.14591618158896
48.01461596679688,-7.575685195349261,-57.02075838301246,False,True,-7.543043102742351,-57.02793811861474,0.02018022639014835,-0.9449732315440824,0.945188684798979,3.0,0.04618204301409681,0.033422369950031304,0.033422369950031304,1.5769011045744155,1.5769011045744155,0.2087175832552555,59.354633764844216
48.7779619140625,-7.603777971095001,-57.79912286977273,False,True,-7.552694493237649,-57.7656819894835,0.010707421181557628,-0.9511744331511527,0.9512346982468501,3.003000020980835,0.09100304131418831,0.06105582842384066,0.06105582842384066,1.7226838682992949,1.7226838682992949,0.7378069993859552,60.09244076423017
48.799946533203126,-7.650599264203127,-57.86583982574034,False,True,-7.577064006164089,-57.80646127248758,0.0013895106301307567,-0.9586984979689926,0.9586995049272707,3.003000020980835,0.1261408776862101,0.09451585454969066,0.09451585454969066,1.5036364221086949,1.5036364221086949,0.047506032065403686,60.139946796295575
49.20751245117187,-7.66932778156551,-58.27726105467879,False,True,-7.600256371733353,-58.21768622412729,-0.007940664555460747,-0.9667458739679494,0.9667784849631463,3.003000020980835,0.12258932408565132,0.09121414414136322,0.09121414414136322,1.519225084615388,1.519225084615388,0.4118784367647573,60.551825233060335
49.79828588867187,-7.69742055671558,-58.96666959920582,False,True,-7.631768922181938,-58.84040026821283,-0.01854095533936427,-0.9871336622556699,0.9873077707499254,3.003000020980835,0.2004591649026536,0.1423168333906995,0.1423168333906995,1.6172925960312874,1.6172925960312874,0.62351088325477,61.1753361163151
49.867349365234375,-7.706784815694607,-59.07786452629005,False,True,-7.650340677051893,-58.94827420480031,-0.02539020782034531,-1.0028588881572131,1.0031802491123327,3.003000020980835,0.18465048200799075,0.14134918539182034,0.14134918539182034,1.4542215058370902,1.4542215058370902,0.10946093492122913,61.28479705123633
50.58828027343751,-7.688056298332223,-59.778392563242576,False,True,-7.674367189109053,-59.70284456734356,-0.027693707211882204,-1.0155715314525608,1.0159490523230175,3.003000020980835,0.10887080239190709,0.07677819609551584,0.07677819609551584,1.6304298489130384,1.6304298489130384,0.7549527834972739,62.039749834733605
50.7933203125,-7.69742055671558,-60.03414089539483,False,True,-7.684531398196372,-59.942849929934944,-0.029500709730947598,-1.0283701175129383,1.028793171861188,3.002000093460083,0.12428402045221672,0.09219637076333811,0.09219637076333811,1.5253587876386114,1.5253587876386114,0.24022049292054962,62.279970327654155
51.207613037109375,-7.66932778156551,-60.46780110918426,False,True,-7.689488546487091,-60.39509521425167,-0.026590685051303638,-1.0388645580479285,1.0392048087358023,3.003000020980835,0.10263695262722282,0.07544934459736528,0.07544934459736528,1.5455710012795065,1.5455710012795065,0.4522724516327421,62.7322427792869
51.798265625,-7.659963522586484,-61.090492698451015,False,True,-7.691744520821058,-61.03302421356542,-0.0213283168106125,-1.0483803173538646,1.048597247236976,3.003000020980835,0.0934630719403514,0.0656708352606549,0.0656708352606549,1.637559388880361,1.637559388880361,0.6379329883190229,63.37017576760592
51.8294326171875,-7.659963522586484,-61.146090161285805,False,True,-7.684827928798963,-61.08448340574023,-0.01836077705161671,-1.0557330164266654,1.055892665050423,3.002000093460083,0.08669171064377651,0.06643516407108152,0.06643516407108152,1.451124312610857,1.451124312610857,0.05192193856631511,63.42209770617224
52.36928393554688,-7.66932778156551,-61.624228346191856,False,True,-7.688039140787968,-61.64646052081854,-0.01570619989954824,-1.0525789418293499,1.0526961164067619,3.002000093460083,0.03946459944081821,0.029058295761853693,0.029058295761853693,1.541541069289827,1.541541069289827,0.561986289649652,63.98408399582189
52.796701660156245,-7.641235005224099,-62.09124703796509,False,True,-7.6803038913920805,-62.09497335855898,-0.010032152975031017,-1.0520377613663436,1.0520855932071411,3.002000093460083,0.053760115969015365,0.039246188752223105,0.039246188752223105,1.5598149317549195,1.5598149317549195,0.4485795355354466,64.43266353135733
53.12937744140625,-7.622506487861714,-62.44707080336143,False,True,-7.6677812886883725,-62.445508224321166,-0.003870275003438931,-1.0522504275999047,1.052257545191663,3.002000093460083,0.061171257787603905,0.04530175761657209,0.04530175761657209,1.529039202854299,1.529039202854299,0.35075847487037015,64.78342200622771
53.80018090820312,-7.538228161220165,-63.15871833344677,False,True,-7.630311738992032,-63.15359195591649,0.011398200689608598,-1.053100437695173,1.0531621199287056,3.0,0.1323539449189925,0.09222616245865572,0.09222616245865572,1.651868188911641,1.651868188911641,0.7090744235300017,65.49249642975771
53.99137915039062,-7.510135384878752,-63.3699886944824,False,True,-7.597488080119447,-63.358850364383734,0.02307535902082794,-1.054589390540293,1.0548418150765957,3.0,0.11895241357758672,0.08805995550305869,0.08805995550305869,1.5288358515980005,1.5288358515980005,0.20786631961020055,65.70036274936791
54.61259765625,-7.463314092366299,-63.92596332778155,False,True,-7.547867874502587,-63.988064996122404,0.03652016296622467,-1.0447146725273366,1.0453527965701244,3.0,0.1486892681894889,0.10490929074332701,0.10490929074332701,1.6278680877962033,1.6278680877962033,0.6311681373449464,66.33153088671286
54.79568579101562,-7.425857058237203,-63.95932180576536,False,True,-7.512007293118539,-64.12368082699803,0.04766387881004374,-1.0234544840727386,1.0245637736675126,3.0,0.2484102691866172,0.18556872266270583,0.18556872266270583,1.5088981088300277,1.5088981088300277,0.14027699341405658,66.47180788012692
55.39258837890625,-7.322850213637597,-64.27066760004507,True,False,-7.483556600507919,-64.7345834571293,0.04766387881004374,-1.0234544840727386,1.0245637736675126,3.0,0.4909627941454529,,0.4909627941454529,1.8972632627084418,1.8972632627084418,0.6115647679611188,67.08337264808803
55.79176831054687,-6.995101162476397,-64.43745998996408,True,False,-7.464530136622799,-65.14312594811875,0.04766387881004374,-1.0234544840727386,1.0245637736675126,3.0,0.8475423330232477,,0.8475423330232477,2.204625375746705,2.204625375746705,0.40898529713405857,67.49235794522208
55.9708935546875,-6.798451732851884,-64.43745998996408,True,False,-7.455992332694261,-65.3264524824451,0.04766387881004374,-1.0234544840727386,1.0245637736675126,3.0,1.1057428689024833,,1.1057428689024833,2.3527630916411084,2.3527630916411084,0.18352523609584137,67.67588318131793
56.79740551757812,-6.105496597591728,-63.870365864239446,True,False,-7.416597566659991,-66.17234985700527,0.04766387881004374,-1.0234544840727386,1.0245637736675126,3.0,2.649172711251918,,2.649172711251918,3.1036230245209127,3.1036230245209127,0.8468142156805576,68.52269739699848
57.79253540039063,-5.674740703022264,-62.780655583199454,True,False,-7.369165816525363,-67.19081999780452,0.04766387881004374,-1.0234544840727386,1.0245637736675126,3.0,4.724471042256357,,4.724471042256357,4.171940434661816,4.171940434661816,1.0195740280237047,69.5422714250222
58.79248730468751,-5.365720169223448,-61.991171604721,True,False,-7.321504230143084,-68.21422525811424,0.04766387881004374,-1.0234544840727386,1.0245637736675126,3.0,6.5231501642962515,,6.5231501642962515,5.43447822906856,5.43447822906856,1.0245144965524264,70.56678592157462
59.79949877929688,-5.103520929128426,-61.435196970714536,True,False,-7.273506157256979,-69.2448556673159,0.04766387881004374,-1.0234544840727386,1.0245637736675126,3.0,8.105529276222343,,8.105529276222343,6.885975890417729,6.885975890417729,1.0317474765522654,71.59853339812689
60.8026845703125,-4.897507239929216,-61.02377574248341,True,False,-7.225690431290053,-70.27157066348889,0.04766387881004374,-1.0234544840727386,1.0245637736675126,3.0,9.536359256734714,,9.536359256734714,8.496582459773785,8.496582459773785,1.027827819732583,72.62636121785947
61.795425537109374,-4.71022206868806,-60.70131045507088,True,False,-7.178372546158881,-71.28759585747986,0.04766387881004374,-1.0234544840727386,1.0245637736675126,3.0,10.870198038706416,,10.870198038706416,10.238213373994375,10.238213373994375,1.0171264312157435,73.64348764907521
62.79513427734374,-4.551029672001302,-60.49004009474257,True,False,-7.130722549919009,-72.31075225043944,0.04766387881004374,-1.0234544840727386,1.0245637736675126,3.0,12.098927688527567,,12.098927688527567,12.128408388102605,12.128408388102605,1.0242653594629247,74.66775300853814
62.98967358398438,-4.532301155234589,-60.45668161605144,True,False,-7.1214500519835,-72.50985437614919,0.04766387881004374,-1.0234544840727386,1.0245637736675126,3.0,12.328124982911982,,12.328124982911982,12.51164495997712,12.51164495997712,0.1993179261383882,74.86707093467653
63.76891186523438,-4.522936896851233,-60.40108415321666,True,False,-7.0843085329818525,-73.30736928925565,0.04766387881004374,-1.0234544840727386,1.0245637736675126,3.0,13.157994553544828,,13.157994553544828,14.08951365164349,14.08951365164349,0.7983793140236942,75.66545024870022
63.78727197265625,-4.504208379488849,-60.31212821169074,True,False,-7.083433419046757,-73.32616002352462,0.04766387881004374,-1.0234544840727386,1.0245637736675126,3.0,13.26715590486924,,13.26715590486924,14.12751202602454,14.12751202602454,0.018811100945097508,75.68426134964533
64.54872412109376,-4.448022827997368,-60.22317227087215,True,False,-7.047139656123984,-74.10547163924981,0.04766387881004374,-1.0234544840727386,1.0245637736675126,3.0,14.123513870121341,,14.123513870121341,15.73340322582539,15.73340322582539,0.7801562866703716,76.4644176363157
64.79195581054688,-4.457387086380725,-60.000782417411024,True,False,-7.0355462903551285,-74.3544082024892,0.04766387881004374,-1.0234544840727386,1.0245637736675126,3.0,14.583328771549343,,14.583328771549343,16.258667512798933,16.258667512798933,0.2492063776216124,76.71362401393732
65.03007421875,-4.466751345359752,-59.87846799790131,True,False,-7.024196643404094,-74.59811155510495,0.04766387881004374,-1.0234544840727386,1.0245637736675126,3.0,14.940161742886712,,14.940161742886712,16.778099079948802,16.778099079948802,0.24396749488829736,76.95759150882562
65.7937841796875,-4.569758189363687,-59.34473235016047,True,False,-6.987795264379946,-75.37973393915746,0.04766387881004374,-1.0234544840727386,1.0245637736675126,3.0,16.21629363496139,,16.21629363496139,18.475877512704855,18.475877512704855,0.7824695595656044,77.74006106839121
65.87084497070313,-4.58848670672607,-59.22241793065075,True,False,-6.984122248175971,-75.4586021512686,0.04766387881004374,-1.0234544840727386,1.0245637736675126,3.0,16.411969646977106,,16.411969646977106,18.649918953883407,18.649918953883407,0.07895369484477086,77.81901476323598
66.43098071289063,-4.597850965705097,-58.81099670241963,True,False,-6.957424006043172,-76.0318755882998,0.04766387881004374,-1.0234544840727386,1.0245637736675126,3.0,17.38177938344759,,17.38177938344759,19.928825974362717,19.928825974362717,0.5738947897816741,78.39290955301766
66.79546801757813,-4.728950585454773,-58.04375170808485,True,False,-6.940051127324748,-76.40491175466981,0.04766387881004374,-1.0234544840727386,1.0245637736675126,3.0,18.493814205365144,,18.493814205365144,20.773748302282172,20.773748302282172,0.3734404883445308,78.76635004136219
67.11345825195313,-4.822593171671022,-57.54337453762049,True,False,-6.92489447933072,-76.73036028593225,0.04766387881004374,-1.0234544840727386,1.0245637736675126,3.0,19.30181579266848,,19.30181579266848,21.518503521848743,21.518503521848743,0.3258012745206702,79.09215131588286
67.63494018554688,-4.897507239929216,-56.59821766164852,True,False,-6.90003862764628,-77.26407330923169,0.04766387881004374,-1.0234544840727386,1.0245637736675126,3.0,20.762652085067007,,20.762652085067007,22.754171560424357,22.754171560424357,0.5342914977822394,79.6264428136651
67.8012666015625,-5.047335377636946,-56.14231846230078,True,False,-6.892110865510403,-77.43430082552263,0.04766387881004374,-1.0234544840727386,1.0245637736675126,3.0,21.37175026890425,,21.37175026890425,23.151944436228003,23.151944436228003,0.1704120204535581,79.79685483411865
68.173115234375,-5.187799256365648,-55.57522433728346,True,False,-6.874387117340347,-77.8148709761709,0.04766387881004374,-1.0234544840727386,1.0245637736675126,3.0,22.30350782355467,,22.30350782355467,24.04721599100443,24.04721599100443,0.3809826384674776,80.17783747258612
68.75557885742188,-5.328263135094351,-54.79685984981586,True,False,-6.846624641800181,-78.41099598298747,0.04766387881004374,-1.0234544840727386,1.0245637736675126,3.0,23.662900223366687,,23.662900223366687,25.465516800848278,25.465516800848278,0.5967711276529585,80.77460860023908
68.79272290039063,-5.412541462331572,-54.696784416571774,True,False,-6.844854212637604,-78.44901122032043,0.04766387881004374,-1.0234544840727386,1.0245637736675126,3.0,23.795373456859327,,23.795373456859327,25.556624475423707,25.556624475423707,0.03805644083332958,80.8126650410724
69.374826171875,-5.506184048547821,-54.007375871337416,True,False,-6.817108912850643,-79.04476742371452,0.04766387881004374,-1.0234544840727386,1.0245637736675126,3.0,25.07168721380537,,25.07168721380537,26.994339758572043,26.994339758572043,0.5964019244962304,81.40906696556864
69.7969462890625,-5.646647926680853,-53.57371565684066,True,False,-6.796989030741736,-79.47678815046739,0.04766387881004374,-1.0234544840727386,1.0245637736675126,3.0,25.928602917738807,,25.928602917738807,28.04861952607491,28.04861952607491,0.4324889802066082,81.84155594577526
70.07519213867188,-5.712197737151361,-53.26236986256095,False,True,-5.723740367083378,-53.54782209172768,0.1407048281057673,1.2774723009559403,1.2851977779166668,3.0,26.520845732358108,0.28568550443101326,0.28568550443101326,2.9837980825576604,2.9837980825576604,25.951168443238156,107.79272438901342
70.6354921875,-5.768383288642842,-52.6952757368363,False,True,-5.710728995442631,-52.75913936917255,0.12983850932063523,1.289508916951427,1.2960290449676841,3.0,0.18427058061908327,0.08603825346667425,0.08603825346667425,2.1903850617789904,2.1903850617789904,0.7887900434519607,108.58151443246537
70.79676660156251,-5.899482908988188,-52.57296131732658,False,True,-5.765584224651373,-52.55904950963306,0.11423504477672741,1.2878877479372384,1.292944119729075,3.0,0.21082230474576447,0.1346194490422222,0.1346194490422222,1.8036347733485163,1.8036347733485163,0.20747300562260113,108.78898743808797
71.338453125,-6.021218270354507,-52.05034516201123,False,True,-5.8085838873379885,-51.92382336501552,0.0777265750503714,1.2661644634438582,1.2685479371932045,3.0,0.36947036447010567,0.24742907257604008,0.24742907257604008,1.7241889139516446,1.7241889139516446,0.6366798456028172,109.42566728369079
71.77766455078125,-6.077403821845987,-51.59444596266349,False,True,-5.870582111534872,-51.439658901992075,0.03785400166276722,1.2363235031946245,1.236902878157098,3.0,0.37840876230299475,0.258329738913877,0.258329738913877,1.68995148134988,1.68995148134988,0.4881178208776542,109.91378510456843
71.79465356445313,-6.171046407466566,-51.605565455088986,False,True,-5.943252942795733,-51.464164135112995,0.007259987287322127,1.2173324666330465,1.2173541151753295,3.0,0.354402580372319,0.2681122821462948,0.2681122821462948,1.4803138485683638,1.4803138485683638,0.0766913043731505,109.99047640894159
72.42763525390626,-6.274053252066171,-50.993993358955045,False,True,-6.040011991705704,-50.784387434564756,-0.04011210688668468,1.1749063082097266,1.1755908362138157,3.0,0.45024158211367893,0.31418140474990436,0.31418140474990436,1.6491644718876106,1.6491644718876106,0.6866284848112636,110.67710489375285
72.79605664062501,-6.433245647561587,-50.62705010113322,False,True,-6.167898199657305,-50.43387177751908,-0.09222856942741274,1.136964466500555,1.1406990431763844,3.0,0.4681256674134546,0.32821811775660026,0.32821811775660026,1.64006327123901,1.64006327123901,0.373116748509635,111.05022164226249
72.98683276367188,-6.498795458032095,-50.4268992332304,False,True,-6.267759370873297,-50.272089848056034,-0.12972157436517973,1.1118416854054707,1.1193835894192206,3.0,0.37713421753291076,0.2781072082987302,0.2781072082987302,1.5372698770326878,1.5372698770326878,0.1901200836771746,111.24034172593966
73.64683081054687,-6.5643452679069325,-49.73749068799604,False,True,-6.421035832444602,-49.60216678516914,-0.15880521080376614,1.0843786563413251,1.0959453295247197,3.0,0.29016304604294807,0.19710442148474844,0.19710442148474844,1.6989418657838082,1.6989418657838082,0.6872340095335634,111.92757573547323
73.79379443359376,-6.704809147231306,-49.61517626848633,False,True,-6.51383189246362,-49.48877432333437,-0.1883449489342755,1.0648272162312553,1.0813560099319093,3.0,0.31231224531072044,0.22901913364782697,0.22901913364782697,1.5492849132363251,1.5492849132363251,0.14652289635412996,112.07409863182735
74.34770336914063,-6.826544508001954,-49.048082142761686,False,True,-6.6802048731952395,-48.943358949814694,-0.21374504589121113,1.0466504641981726,1.06825284406328,3.0,0.25624852485694016,0.17995064839109437,0.17995064839109437,1.6369928899538977,1.6369928899538977,0.5702261817815185,112.64432481360888
74.7921123046875,-7.051286713967878,-48.58106345098845,False,True,-6.857701414786711,-48.508952094923856,-0.24640501597435877,1.0344844849544652,1.0634254000675503,3.0,0.2946247602041936,0.20658004679188344,0.20658004679188344,1.6399789578718171,1.6399789578718171,0.46927000527743384,113.11359481888631
74.88905688476564,-7.1262007834174135,-48.46986852461155,False,True,-6.941259145713824,-48.4235944356424,-0.26994552725133264,1.028594433764609,1.0634270529070324,3.0,0.25215242090104495,0.1906428615668852,0.1906428615668852,1.4817024243746983,1.4817024243746983,0.11944799870946729,113.23304281759577
75.80118432617188,-7.360307247766694,-47.55807012520874,False,True,-7.245019459998421,-47.509583159941705,-0.29265207427653384,1.0190446663672317,1.060234534727982,3.0,0.1874860389791518,0.12506902018209265,0.12506902018209265,1.7309650483551775,1.7309650483551775,0.9631650640686094,114.19620788166438
76.13188281250001,-7.435221316620559,-47.22448534537072,False,True,-7.370005418011486,-47.188256064192345,-0.3037657233443791,1.0128707191306805,1.0574406405804704,3.0,0.10686999080195086,0.0746034466099958,0.0746034466099958,1.6484265310511148,1.6484265310511148,0.3447790483239409,114.54098692998832
76.79720947265625,-7.659963522586484,-46.53507680013635,False,True,-7.601731144742193,-46.52134925271162,-0.3152404504371854,1.0101656971792583,1.0582113575980445,3.0,0.09026280103003949,0.05982854993812219,0.05982854993812219,1.742000042236457,1.742000042236457,0.7060180646614204,115.24700499464974
76.93100610351563,-7.725513333056991,-46.39052339577565,False,True,-7.666123968708821,-46.38737147009704,-0.3238555592461699,1.0097084741903086,1.0603742858568246,3.0,0.08171892283571011,0.05947294538832909,0.05947294538832909,1.5652571068240397,1.5652571068240397,0.14864885473059816,115.39565384938034
77.3930224609375,-7.734877590844676,-45.890146226018615,False,True,-7.793049117995437,-45.91224543199688,-0.315007824621971,1.0130697046664217,1.0609147732433446,3.000999927520752,0.08651220209698984,0.06222781914804253,0.06222781914804253,1.5899769850736973,1.5899769850736973,0.49178729711347946,115.88744114649381
77.79392041015626,-7.856612952806667,-45.42312753424538,False,True,-7.90194435096042,-45.483100192191465,-0.30827639648831023,1.0219752679931784,1.0674585636086988,3.000999927520752,0.1040182875780435,0.07517749237432747,0.07517749237432747,1.5802097982197123,1.5802097982197123,0.44274576069133037,116.33018690718514
78.17371948242187,-7.884705728552408,-45.00058681288144,False,True,-7.982625864931571,-45.06938089777024,-0.2943308345375616,1.0317727642808363,1.0729332119341333,3.000999927520752,0.16415743801094276,0.1196702938251654,0.1196702938251654,1.562258750568956,1.562258750568956,0.42151294318570487,116.75169985037084
78.61444531250001,-7.865977211190023,-44.51132913554989,False,True,-8.044861628299316,-44.58635048338285,-0.26882703326450474,1.042468662656376,1.076572750181969,3.009000062942505,0.26715675592846394,0.1939789610117686,0.1939789610117686,1.5748122179700275,1.5748122179700275,0.4870232761020932,117.23872312647293
78.79586352539063,-7.9502555390229155,-44.30005877451426,False,True,-8.059355897140744,-44.37399825596009,-0.2559012966111996,1.051228691330329,1.0819275553766847,3.009000062942505,0.17320084837727695,0.1317950494438852,0.1317950494438852,1.4712205204588245,1.4712205204588245,0.2128463115035265,117.45156943797646
79.15302905273438,-7.987712573152013,-43.92199602426694,False,True,-8.111883218180251,-43.98028740483465,-0.2412728831007071,1.0580959377624306,1.0852555540650712,3.009000062942505,0.18011425992776173,0.13717227903340487,0.13717227903340487,1.4692279616334727,1.4692279616334727,0.3971993879017269,117.84876882587818
79.79454638671875,-8.100083676134975,-43.26594595772371,False,True,-8.220280434714576,-43.291600513825436,-0.22386374877429197,1.0618117086246182,1.0851539441883857,3.009000062942505,0.1703323696687214,0.1229040968471741,0.1229040968471741,1.587787056646121,1.587787056646121,0.6971653967318827,118.54593422261006
80.01677490234376,-8.137540710264071,-43.02131711799695,False,True,-8.237219769351498,-43.04713700373,-0.21151764514496593,1.0650097222081731,1.0858109515959036,3.009000062942505,0.136861247867665,0.10296883664401783,0.10296883664401783,1.4973839807482658,1.4973839807482658,0.24504968644363295,118.7909839090537
80.53475366210938,-8.146904968647428,-42.45422299297963,False,True,-8.293207862616226,-42.484425104910706,-0.1913096581956996,1.0691813682172644,1.0861621349788884,3.009000062942505,0.20409094498996347,0.14938776505705728,0.14938776505705728,1.557817631781966,1.557817631781966,0.5654903603601357,119.35647426941382
80.80092333984375,-8.146904968647428,-42.17623567597639,False,True,-8.295417961214516,-42.19401124213105,-0.17293115178046364,1.0713810973518059,1.0852477316349836,3.007999897003174,0.19863139137657057,0.14957299125627763,0.14957299125627763,1.4948945727184852,1.4948945727184852,0.29042227226990774,119.64689654168373
81.23502319335938,-8.128176451880714,-41.70921698420316,False,True,-8.3086590653404,-41.723896182803095,-0.1496665696027648,1.0732732764131823,1.0836584369252824,3.009000062942505,0.24311102680506666,0.1810785813749789,0.1810785813749789,1.5199500608729246,1.5199500608729246,0.4703014946238173,120.11719803630754
81.77562768554688,-8.062626642005878,-41.14212285847852,False,True,-8.29921955546689,-41.14324956309123,-0.11590912786586752,1.0734340363647876,1.0796738194237305,3.013000011444092,0.3269465504777796,0.23659559624653634,0.23659559624653634,1.5838976897718016,1.5838976897718016,0.5807233431931818,120.69792137950073
81.79640625,-8.025169607281109,-41.164361844036826,False,True,-8.241007596549581,-41.13046533748304,-0.09323893495552925,1.069873771810965,1.0739289485811723,3.01200008392334,0.2798468188775995,0.21848343362371445,0.21848343362371445,1.410423214862639,1.410423214862639,0.05959923309398846,120.75752061259472
82.43867236328126,-7.912798504298148,-40.55278974719556,False,True,-8.198616569694495,-40.472170075415654,-0.0536011284008265,1.0586932785482865,1.0600493097064692,3.013000011444092,0.4032364942110443,0.29697053386625893,0.29697053386625893,1.54673639211734,1.54673639211734,0.6596587384535991,121.41717935104832
82.79569116210938,-7.791063142336159,-40.25256344463401,False,True,-8.107586037389403,-40.13508540516205,-0.010740698944394403,1.042785553381609,1.0428408665540505,3.013000011444092,0.45513121494301795,0.3376208418493484,0.3376208418493484,1.530977910899989,1.530977910899989,0.3491598956520187,121.76633924670034
83.01742968750001,-7.725513333056991,-40.0524125767312,False,True,-8.019637003563442,-39.93876338251426,0.024424537017777193,1.0291977291692027,1.029487505380991,3.01200008392334,0.4121566419679276,0.31531709896284915,0.31531709896284915,1.459991051033433,1.459991051033433,0.2151217541938517,121.98146100089419
83.79933398437501,-7.51949964385778,-39.27404809067825,False,True,-7.855141136267569,-39.17635110263694,0.08113493251546616,1.012690727037323,1.0159357193748388,3.00600004196167,0.5010034690736183,0.3495710412768967,0.3495710412768967,1.6526392323298305,1.6526392323298305,0.7799560082883842,122.76141700918257
84.20898291015625,-7.425857058237203,-38.873746354872615,False,True,-7.705514152231873,-38.7944893222465,0.1262837426578105,0.9998951970996833,1.0078382751427328,3.00600004196167,0.41164534447420853,0.290671236007695,0.290671236007695,1.6295721483780996,1.6295721483780996,0.4101300448328292,123.17154705401539
84.80800512695313,-7.276028919933802,-38.19545730277108,False,True,-7.517477339171333,-38.19550683044384,0.1691352871777424,0.9999039871231624,1.0141078487190083,3.009000062942505,0.35383847227005344,0.24144842431727093,0.24144842431727093,1.6958350199650687,1.6958350199650687,0.6278040048869443,123.79935105890233
85.32814282226563,-7.154293559163153,-37.70619962473221,False,True,-7.34134654999175,-37.685278906310984,0.2022084269663279,0.9962049612922593,1.016519833962677,3.009000062942505,0.27692609888755887,0.18821928125774764,0.18821928125774764,1.7030160953219067,1.7030160953219067,0.5397727201905876,124.33912377909292
85.80349462890625,-7.060650972946904,-37.31701738205939,False,True,-7.187329457267379,-37.24475690316291,0.22365831772864045,0.9839694235284766,1.009068317572288,3.009000062942505,0.21249305247064026,0.14583900438525202,0.14583900438525202,1.6852451829727404,1.6852451829727404,0.4666700120094072,124.80579379110232
85.92733203124999,-7.032558197796835,-37.21694194740066,False,True,-7.127116466033774,-37.14696696430179,0.2357273661211762,0.9750380897272805,1.003128440209653,3.009000062942505,0.1580848083334234,0.11763402718455508,0.11763402718455508,1.5220908831694908,1.5220908831694908,0.11484109219159995,124.92063488329391
86.72876513671875,-6.83590876698098,-36.47193593933152,False,True,-6.905742088809196,-36.39929749015609,0.24807944506670013,0.962189841423948,0.9936562292886028,3.0169999599456787,0.14759101021711893,0.10076228032441273,0.10076228032441273,1.6994231934606672,1.6994231934606672,0.7797539723918572,125.70038885568577
86.79278515624999,-6.83590876698098,-36.4608164461987,False,True,-6.876336697821552,-36.36855873285262,0.25325164738604994,0.9503867253844883,0.9835503671346979,3.010999917984009,0.13442050546986664,0.1007268745861668,0.1007268745861668,1.5074811437946827,1.5074811437946827,0.04253878488741387,125.74292764057319
87.16988134765627,-6.751630439743759,-36.13835115949349,False,True,-6.773483557874103,-36.04244202062869,0.2561501561027852,0.9376657272479255,0.9720236203543936,3.010999917984009,0.1314648712828175,0.09836727956900002,0.09836727956900002,1.5107899269696878,1.5107899269696878,0.34195157316320995,126.0848792137364
87.79125268554687,-6.686080629868922,-35.53789855507772,False,True,-6.6352662366316775,-35.48259925499704,0.2478553959375639,0.9286388668988851,0.961146420900901,3.010999917984009,0.10605920541757607,0.07510070005986645,0.07510070005986645,1.6267714869644148,1.6267714869644148,0.5766523650532673,126.66153157878966
87.97150439453125,-6.676716370889895,-35.34886718030772,False,True,-6.612287213377912,-35.32368943655201,0.23925966666065707,0.9252798121248538,0.9557133036723793,3.010999917984009,0.09246915213497296,0.06917394826328899,0.06917394826328899,1.5112821877981701,1.5112821877981701,0.1605626541507401,126.8220942329404
88.59127954101562,-6.60180230203603,-34.75953406831744,False,True,-6.504177668664517,-34.75293844849196,0.22344873547025682,0.9242116094836019,0.9508398584869729,3.010999917984009,0.13811642421816056,0.09784718310613065,0.09784718310613065,1.6258287657899537,1.6258287657899537,0.5808996161383299,127.40299384907873
88.79376342773439,-6.6673521125065385,-34.53714421556364,False,True,-6.512068837507615,-34.55849464694254,0.20257758200640394,0.9270812561331301,0.94895591689232,3.009999990463257,0.21038001353056476,0.15674417505750093,0.15674417505750093,1.51981872855385,1.51981872855385,0.19460386046196496,127.5975977095407
89.19165307617187,-6.6673521125065385,-34.13684247975801,False,True,-6.492426559525296,-34.175979447897454,0.17877201889105454,0.9324073937345755,0.9493908481912428,3.009999990463257,0.24171864126849724,0.17925024786856303,0.17925024786856303,1.5301767200217833,1.5301767200217833,0.383019185661551,127.98061689520225
89.67203295898437,-6.620530819398414,-33.669823787984775,False,True,-6.464828791150634,-33.712205736859524,0.1563598079683416,0.9385079769330483,0.9514439617312518,3.013999938964844,0.22176834555980446,0.1613671316932114,0.1613671316932114,1.5729549853427713,1.5729549853427713,0.4645941151899746,128.44521101039223
89.79185180664064,-6.686080629868922,-33.52527038362408,False,True,-6.5013130247612,-33.58261650483103,0.13514097205492426,0.9450936440225344,0.9547068022695464,3.013000011444092,0.2512798020127972,0.19346225863130262,0.19346225863130262,1.445273900985797,1.445273900985797,0.1346271457020652,128.5798381560943
90.47268432617189,-6.695444888252279,-32.846981330815204,False,True,-6.489459726628203,-32.91334277028376,0.10420619198480793,0.9550597819662117,0.9607279102728943,3.010999917984009,0.30062310109003665,0.21641101510236443,0.21641101510236443,1.5936273739159157,1.5936273739159157,0.6693786913485344,129.24921684744282
90.79498022460938,-6.864001542726721,-32.40220162389296,False,True,-6.563833041518086,-32.551745867149165,0.06260086834969797,0.9757875952223991,0.9777935874754184,3.009999990463257,0.4559720242680947,0.33535743589327316,0.33535743589327316,1.5480939551890307,1.5480939551890307,0.3691662367067724,129.6183830841496
90.91538159179689,-6.920187094218202,-32.22428974154845,False,True,-6.638164304272859,-32.38702052995016,0.03098332413636392,0.9940313261569057,0.9945140741868843,3.009999990463257,0.4201240911303234,0.32560430516563715,0.32560430516563715,1.427706924874961,1.427706924874961,0.18071959865505463,129.79910268280466
91.51638525390624,-6.957644128347299,-31.579359166723385,False,True,-6.708838158110521,-31.734076835180737,-0.0037903995986789604,1.0156550414349026,1.0156621142492475,3.009999990463257,0.39813960520411706,0.29298799934185593,0.29298799934185593,1.5468804768377895,1.5468804768377895,0.6567573845457828,130.45586006735044
91.7984997558594,-7.13556504180077,-31.179057430917755,False,True,-6.815680452080167,-31.380828306256934,-0.044928944476244556,1.0416036506422932,1.0425721917848672,3.003000020980835,0.5032597444338346,0.37820316878082466,0.37820316878082466,1.496967959970766,1.496967959970766,0.3690525693820965,130.82491263673253
92.2953740234375,-7.229207627421349,-30.611963305193115,False,True,-6.942688319811711,-30.79603067169486,-0.08525411809571834,1.0675095784968132,1.0709084764043668,3.003000020980835,0.46497431174707554,0.34054971596522443,0.34054971596522443,1.5534381780021413,1.5534381780021413,0.5984306742264374,131.42334331095898
92.75535864257812,-7.285393178912829,-30.089347149170443,False,True,-7.06559766407741,-30.245523743419273,-0.11706087849430677,1.090110001061667,1.0963772451526559,3.003000020980835,0.3723019442872127,0.26963159483437815,0.26963159483437815,1.5769945891155435,1.5769945891155435,0.5640607990166024,131.98740410997559
92.78876928710936,-7.407128540874818,-29.97815222279354,False,True,-7.143952616266732,-30.158178821283922,-0.14537146400568146,1.109475976192081,1.1189592505067048,3.003000020980835,0.4090539601094394,0.3188591279191143,0.3188591279191143,1.4101193169104178,1.4101193169104178,0.11733982254725583,132.10474393252284
93.29514379882814,-7.547592419603522,-29.377699619085096,False,True,-7.29861579679959,-29.54266601593045,-0.1767138089914076,1.1302427199238851,1.143973940362801,3.003000020980835,0.39589663887204507,0.2986691661202916,0.2986691661202916,1.4881918661074154,1.4881918661074154,0.634646919922125,132.73939085244496
93.79615332031253,-7.8472486938276385,-28.721649552541862,False,True,-7.509434580333334,-28.908695802888843,-0.2238680199919264,1.1563518077428763,1.1778227343897396,3.003000020980835,0.5259177207477608,0.38614074512385804,0.38614074512385804,1.5481543329989191,1.5481543329989191,0.6681038770390938,133.40749472948406
93.97658544921876,-7.9502555390229155,-28.477020712815104,False,True,-7.643532543854636,-28.647860587299377,-0.2599969491417419,1.1764750519027063,1.2048618017484367,3.003000020980835,0.4583512499609186,0.35109152436195623,0.35109152436195623,1.4526950811385912,1.4526950811385912,0.29328701558740033,133.70078174507145
94.7988435058594,-8.3248258821009,-27.487385866433844,False,True,-8.000689412324201,-27.621273306302097,-0.31582777759603775,1.199536470115285,1.2404172395762205,3.0,0.5058214869587561,0.350699725682493,0.350699725682493,1.661341758295358,1.661341758295358,1.0869417989020267,134.78772354397347
94.867669921875,-8.390375691975736,-27.365071446924127,False,True,-8.112384623023122,-27.49626067332358,-0.350999933104819,1.2161348733999058,1.265774459901523,3.0,0.4068636407541415,0.3073916842413017,0.3073916842413017,1.483361982976545,1.483361982976545,0.16764241258493567,134.9553659565584
95.347431640625,-8.521475312321082,-26.83133579918329,False,True,-8.344252871405518,-26.891321823257353,-0.37639414991727616,1.2247302752755622,1.2812637524212191,3.0,0.25410848354533583,0.1870992160547039,0.1870992160547039,1.540561739392757,1.540561739392757,0.6478532989245084,135.6032192554829
95.8063552246094,-8.605753639558303,-26.31983913629343,False,True,-8.541433675935643,-26.326668668222254,-0.3861119101407989,1.225762112826226,1.2851362435138112,3.003000020980835,0.08926359369039998,0.0646815292551678,0.0646815292551678,1.5758951827893517,1.5758951827893517,0.5980915106956789,136.20131076617858
96.568150390625,-8.91477417276145,-25.44139921558175,False,True,-8.861989254758575,-25.409069263293173,-0.39635961279663084,1.2194855522012282,1.2822815426745522,3.003999948501587,0.09287758285095234,0.061898896464734274,0.061898896464734274,1.734906075015641,1.734906075015641,0.9719797050559795,137.17329047123457
96.7931208496094,-9.102059344002605,-25.107814435743727,False,True,-8.994077802839293,-25.127068242444256,-0.41297743938595016,1.2224486180871814,1.2903220486781724,3.003000020980835,0.1532809265895021,0.10968464935653215,0.10968464935653215,1.6015333233210562,1.6015333233210562,0.3114032117591327,137.4846936829937
97.06715087890628,-9.223794705964597,-24.763110163480206,False,True,-9.137583018284563,-24.78453975987636,-0.4247410774078236,1.225372699748763,1.2968975426482738,3.003000020980835,0.12009530573006086,0.08883514335183909,0.08883514335183909,1.5321028977702453,1.5321028977702453,0.37137515833757523,137.85606884133128
97.78875732421876,-9.38298710205568,-23.97362618429444,False,True,-9.42498289735507,-23.92322223562539,-0.41737248638588714,1.2165288123789655,1.2861345745061494,3.003999948501587,0.09543851797049387,0.0656064391981502,0.0656064391981502,1.6794993345000637,1.6794993345000637,0.9080014141352231,138.7640702554665
97.79624658203127,-9.411079877801422,-23.91802872145965,False,True,-9.424035555192747,-23.915048342836574,-0.41580006853611834,1.216167086750545,1.2852828793265505,3.003999948501587,0.017473606858427464,0.013294067601940908,0.013294067601940908,1.4691726844227164,1.4691726844227164,0.008228607445707418,138.7722988629122
98.793333984375,-9.495358205634313,-22.72824300576093,False,True,-9.719743699215266,-22.711365350786956,-0.36717547265668843,1.2125096794047987,1.2668849791401706,3.003999948501587,0.34423602750050863,0.22501934353959163,0.22501934353959163,1.7678291023187205,1.7678291023187205,1.2394741029125071,140.01177296582472
98.99267797851564,-9.514086722401029,-22.483614167448817,False,True,-9.71213962432943,-22.47370244613208,-0.33396089037351456,1.210847428157596,1.2560578691186706,3.003999948501587,0.279200186949842,0.19830076697209587,0.19830076697209587,1.6170176951436601,1.6170176951436601,0.23778452053037843,140.2495574863551
99.41266723632812,-9.589000791254891,-22.016595475675583,False,True,-9.775790490869452,-21.980119593921067,-0.30242494996336805,1.204689159067857,1.2420695714556276,3.003999948501587,0.2683739821556677,0.1903178442287201,0.1903178442287201,1.6200680060192896,1.6200680060192896,0.497670036076168,140.74722752243125
99.79757739257812,-9.47662968827193,-21.482859827934742,False,True,-9.773645377770796,-21.50684786098021,-0.2542933967338539,1.2085764328053057,1.2350393214609965,3.003000020980835,0.4169203542726768,0.29798279402991995,0.29798279402991995,1.6039406675673626,1.6039406675673626,0.47327659429877733,141.22050411673
100.15315673828124,-9.439172654142832,-21.06031910586348,False,True,-9.747102154316048,-21.07248276818514,-0.20763097954863485,1.210419666030554,1.2280986896751593,3.003999948501587,0.42522556900022795,0.30816964769101146,0.30816964769101146,1.576111468472472,1.576111468472472,0.435175340007034,141.65567945673703
100.71533886718753,-9.44853691193052,-20.404269039320244,False,True,-9.740007489187708,-20.39566260597706,-0.15969916287482763,1.2090043534144304,1.2195061907173599,3.0169999599456787,0.41547267140933053,0.291597613333047,0.291597613333047,1.647388419543729,1.647388419543729,0.6768573455645261,142.33253680230155
100.79261230468752,-9.270615998477048,-20.21523766384292,False,True,-9.636466435624792,-20.281310421145047,-0.11486601093189752,1.2171012412861766,1.2225095631559528,3.0160000324249268,0.4895251694044598,0.3717689492395794,0.3717689492395794,1.4792301738017821,1.4792301738017821,0.15426332016643834,142.486800122468
101.41266064453129,-9.111423602981631,-19.470231655773773,False,True,-9.540754117528815,-19.510853855988014,-0.05008387302843674,1.223230768275416,1.2242556541806098,3.0179998874664307,0.5989283917242831,0.4312480189770098,0.4312480189770098,1.5968822153328297,1.5968822153328297,0.7763788808493438,143.26317900331733
101.79759960937498,-8.858588621269968,-18.936496006618285,False,True,-9.368019516581017,-19.01165563116619,0.02394752559592514,1.2341530978329232,1.2343854150437652,3.0199999809265137,0.709037808195184,0.5149454400804016,0.5149454400804016,1.5800705287631478,1.5800705287631478,0.5282386866084843,143.79141768992582
101.85242260742189,-8.783674552416104,-18.825301080241385,False,True,-9.237061367743234,-18.917602272154777,0.07399291259388538,1.2443414154317616,1.2465394134454177,3.0179998874664307,0.5949914450489232,0.4626868426280461,0.4626868426280461,1.4231521544439434,1.4231521544439434,0.16123297146783686,143.95265066139365
102.5335075683594,-8.680667708412168,-18.11365355015604,False,True,-9.048533290551308,-18.08198973295845,0.12835126706999903,1.2396625515128143,1.2462894083565563,3.0299999713897705,0.507869161603129,0.36922578978464,0.36922578978464,1.5831288342477305,1.5831288342477305,0.8566161051205003,144.80926676651416
102.79551269531252,-8.427832726104834,-17.646634858382804,False,True,-8.867357669488944,-17.729405862558448,0.18646386908146687,1.2506062726739249,1.2644306322310441,3.0299999713897705,0.5973911788731734,0.4472507294449617,0.4472507294449617,1.5190150523436017,1.5190150523436017,0.39640886888865123,145.2056756354028
103.25336181640624,-8.23118329648032,-17.035062762248863,False,True,-8.636511614782574,-17.124660089107334,0.2432901144657043,1.2631676444111801,1.2863835266684758,3.0360000133514404,0.5640983675783279,0.41511290825258135,0.41511290825258135,1.5602575392036087,1.5602575392036087,0.6473077718369238,145.85298340723972
103.79554248046875,-7.809791659698542,-16.35677370944,False,True,-8.305348907934802,-16.415986511868756,0.319641204376838,1.272290630742666,1.3118284753011906,3.0360000133514404,0.6997551771276933,0.49908230007781385,0.49908230007781385,1.6258221933047927,1.6258221933047927,0.7822320483608852,146.63521545560062
104.35639990234375,-7.547592419603522,-15.778560090582538,False,True,-7.94987092831096,-15.725607155997235,0.3858005200082345,1.26358191318255,1.3211666407235303,3.039999961853028,0.5834735483124114,0.40574870529562534,0.40574870529562534,1.6777879144312493,1.6777879144312493,0.7765231799573171,147.41173863555792
104.7941794433594,-7.238571886400376,-15.244824442841695,False,True,-7.6198483641060815,-15.193940387683268,0.4455197765856071,1.2556119540495116,1.3323097426953396,3.039999961853028,0.5472124683843865,0.3846569114432177,0.3846569114432177,1.656900756310613,1.656900756310613,0.6257670855947766,148.0375057211527
105.056833984375,-7.098108007671674,-14.944598140280153,False,True,-7.395499403497668,-14.885483279092226,0.4851616277045691,1.247732026926465,1.338737097422407,3.039999961853028,0.4126409404143221,0.3032098433834251,0.3032098433834251,1.5655170337951947,1.5655170337951947,0.38141610344402294,148.41892182459674
105.687384765625,-6.901458576855819,-14.32190655172072,False,True,-7.0339021479870345,-14.16477972780724,0.5056742515881438,1.2233965049118503,1.3237845205885135,3.046999931335449,0.2918901613355106,0.20549972828966698,0.20549972828966698,1.6576603196044641,1.6576603196044641,0.8063288312020184,149.22525065579876
105.79500708007814,-6.789087473872858,-14.143994668668892,False,True,-6.933043942091883,-14.0601582673165,0.522850386718212,1.2133935826655473,1.3212480892494476,3.0369999408721924,0.22032644560763162,0.16658933619477123,0.16658933619477123,1.4998527373233987,1.4998527373233987,0.1453204310880061,149.37057108688677
106.34802416992189,-6.545616750544549,-13.565781050518757,False,True,-6.617354477403416,-13.436841033796513,0.5328745448289272,1.1953763528059387,1.3087703791629242,3.0339999198913574,0.2021500258732131,0.14755280196326254,0.14755280196326254,1.5767540121742643,1.5767540121742643,0.6987018045763883,150.06927289146316
106.79478979492188,-6.320874544578625,-12.954208953677494,False,True,-6.363185259317067,-12.91696084310033,0.5389633025275629,1.1900161332625359,1.306376606839136,3.0280001163482666,0.077819241679952,0.05637036742160217,0.05637036742160217,1.5896980514488377,1.5896980514488377,0.5786859287220708,150.64795882018524
106.9858046875,-6.227231958958047,-12.698460622939889,False,True,-6.252273574440253,-12.691775492583076,0.5419797670589437,1.1892108553992402,1.306891168575509,3.0309998989105225,0.03415908481587951,0.025918593207314617,0.025918593207314617,1.488707475945577,1.488707475945577,0.2510176167717959,150.89897643695704
107.42777099609376,-6.068039563462631,-12.231441931166652,False,True,-6.026714992175768,-12.182678725577341,0.5366756103562864,1.1829519233470687,1.2989980614696164,3.0280001163482666,0.08553916439296767,0.06391846690423916,0.06391846690423916,1.522328001943805,1.522328001943805,0.5568268960896698,151.4558033330467
107.80010717773438,-5.899482908988188,-11.630989327458208,False,True,-5.845218444739601,-11.714139804068406,0.5297529518584135,1.1935596453890818,1.3058418040115018,3.0169999599456787,0.13282493212398047,0.09929065334002644,0.09929065334002644,1.5159329343978345,1.5159329343978345,0.5024636481378583,151.95826698118455
108.13014819335936,-5.768383288642842,-11.163970634270326,False,True,-5.69436720363261,-11.281971523491515,0.5207417879006327,1.207925784314007,1.3153922267052351,3.0160000324249268,0.18443875789546596,0.1392931825224527,0.1392931825224527,1.4921512383187212,1.4921512383187212,0.45773957626614,152.4160065574507
108.79945385742188,-5.4780912722064095,-10.218813758298362,False,True,-5.383966385634561,-10.400065841522709,0.5064874902472548,1.2353746476133272,1.3351704377129967,3.010999917984009,0.2869801960071865,0.20423469819139217,0.20423469819139217,1.6168024786409674,1.6168024786409674,0.9349365217503933,153.35094307920107
108.8496435546875,-5.440634238077313,-10.10761883192146,False,True,-5.377468526639107,-10.284941954450202,0.49939606008452253,1.255282197311083,1.3509736561880417,3.009999990463257,0.2446280746546148,0.18823760751995866,0.18823760751995866,1.4451608629958674,1.4451608629958674,0.11530711836746274,153.46625019756854
109.31632812499998,-5.290806100369583,-9.618361154589916,False,True,-5.180673753041665,-9.679115291671717,0.4854446631729432,1.2629784382522207,1.353059886513938,3.009000062942505,0.16719614061861185,0.12577837294428396,0.12577837294428396,1.4976227077801798,1.4976227077801798,0.6369883266187729,154.1032385241873
109.79253833007812,-5.12224944589514,-8.828877175404148,False,True,-4.99510304601121,-9.011994315395862,0.46785249742308155,1.2883147991819492,1.3706352472982157,3.00600004196167,0.3028881864608643,0.22293069318106265,0.22293069318106265,1.5444626138745,1.5444626138745,0.6924499146472858,154.7956884388346
109.98984301757812,-5.047335377636946,-8.506411887991616,False,True,-4.936784168435441,-8.698686177126103,0.4547326912983103,1.3111331963251651,1.3877507265504307,3.00600004196167,0.2899831288732231,0.22179037877709443,0.22179037877709443,1.4577119670507537,1.4577119670507537,0.31868963112683824,155.11437806996142
110.62974438476564,-4.841321688437735,-7.794764357198947,False,True,-4.7000089345296425,-7.841689389807317,0.4338237428408911,1.3180763282155057,1.3876340464454413,3.013000011444092,0.2060195727154455,0.14890014473594615,0.14890014473594615,1.5864880933378742,1.5864880933378742,0.889104046141882,156.0034821161033
110.78950610351563,-4.831957429458708,-7.416701606951626,False,True,-4.678904440387693,-7.579757051204025,0.41519259716998685,1.3379250731027479,1.400867015095206,3.006999969482422,0.29406775349280484,0.22363428932952018,0.22363428932952018,1.4716320796295868,1.4716320796295868,0.2627811821253135,156.2662632982286
111.23033276367188,-4.71022206868806,-6.771771032126561,False,True,-4.549934635441825,-6.934935534998915,0.3942479922157003,1.359245621981799,1.4152668088536515,3.006999969482422,0.3058630563247824,0.22872410510098942,0.22872410510098942,1.5101037175850447,1.5101037175850447,0.6575925777780892,156.92385587600668
111.78629199218751,-4.6540365171965785,-5.882211619696709,False,True,-4.421024905850854,-6.096304156474402,0.359630584742646,1.3910523141022912,1.4367883275039777,3.006999969482422,0.4390295673863253,0.31643328732268194,0.31643328732268194,1.5890047122698439,1.5890047122698439,0.8484811768266527,157.77233705283334
111.93246020507812,-4.644672258217551,-5.637582780677275,False,True,-4.434208013938462,-5.832182868344213,0.33441008109260373,1.4143717726550433,1.4533676801208053,3.006999969482422,0.3761915606489505,0.2866433188475674,0.2866433188475674,1.4670922775933595,1.4670922775933595,0.26445008826317307,158.0367871410965
112.59236621093751,-4.485479862722135,-4.88145727947531,False,True,-4.2903411655498465,-4.893923404794123,0.30482161501998184,1.4162619847523759,1.4486939726657693,3.013999938964844,0.2725054330892304,0.1955364810324728,0.1955364810324728,1.6018190092680291,1.6018190092680291,0.9492252056317174,158.98601234672822
112.7934912109375,-4.494844120509821,-4.458916558818693,False,True,-4.2950076874412435,-4.571807897080761,0.2793519717058425,1.430650262578592,1.4576685830160903,3.013000011444092,0.30529237772164786,0.22951918054091455,0.22951918054091455,1.5010631338372173,1.5010631338372173,0.3221493081414259,159.30816165486965
113.09217089843752,-4.43865856901834,-4.03637583674743,False,True,-4.2656863457469125,-4.118735118683738,0.2584002155830761,1.440626266568943,1.4636169961235594,3.013000011444092,0.25151541546562767,0.19157881235806054,0.19157881235806054,1.470831397488551,1.470831397488551,0.45402057618917846,159.76218223105883
113.79776000976562,-4.429294310634984,-3.091218960775466,False,True,-4.184136145968692,-3.0990329217854917,0.21947703820552622,1.4418668705309956,1.4584753143726215,3.013000011444092,0.34610801461056734,0.24528266080016953,0.24528266080016953,1.626215823752305,1.626215823752305,1.0229579685612593,160.7851401996201
113.9373825683594,-4.43865856901834,-2.8910680928726507,False,True,-4.223333725190901,-2.8960876617504128,0.19242247975541202,1.4424975558582616,1.4552750974892275,3.013999938964844,0.2852438423008325,0.21538334299808226,0.21538334299808226,1.4915950824439679,1.4915950824439679,0.20669598154678093,160.99183618116686
114.57880737304689,-4.363744500760147,-2.23501802491477,False,True,-4.17581263525966,-2.046837742816138,0.16280084963613223,1.4128367705666212,1.422185591583379,3.013999938964844,0.37336618207972855,0.2659515080634323,0.2659515080634323,1.61661854745895,1.61661854745895,0.8505784377693368,161.8424146189362
114.794458984375,-4.485479862722135,-1.868074767092942,False,True,-4.228291198077113,-1.7741453338897575,0.12858670591022936,1.4003412154761898,1.406232577029197,3.013999938964844,0.36704954717140287,0.27380421407232036,0.27380421407232036,1.5191282681790284,1.5191282681790284,0.27769614588873526,162.12011076482494
115.13796582031252,-4.513572637872206,-1.4232950601706928,False,True,-4.2663209806726625,-1.325598365728342,0.09650409069849249,1.387664392636038,1.3910159977913579,3.013999938964844,0.3542378379056905,0.26585339210339676,0.26585339210339676,1.5055101453721538,1.5055101453721538,0.4501562473309268,162.57026701215588
115.79182250976562,-4.6634007749842645,-0.6004526037084457,False,True,-4.338499052776619,-0.47182206005037775,0.044349167076059196,1.3670159450549844,1.367735150771125,3.006999969482422,0.4949320414865271,0.3494380429421846,0.3494380429421846,1.6303587482780515,1.6303587482780515,0.8568218334226532,163.42708884557854
116.13841064453123,-4.691493551325676,-0.2112703603283083,False,True,-4.425369991851589,-0.05721643071179253,0.0052089645832377116,1.3443584170558804,1.344368508564903,3.00600004196167,0.42563397240875306,0.30749693028947184,0.30749693028947184,1.58366707110427,1.58366707110427,0.42360876753793875,163.85069761311647
116.58846777343751,-4.672765033963292,0.1779118830518289,False,True,-4.493263326048429,0.4437868049856598,-0.02137114203417089,1.3049884085251078,1.3051633890424363,3.00600004196167,0.44632162945185433,0.3207964109176931,0.3207964109176931,1.5941548632944829,1.5941548632944829,0.5055825817882581,164.3562801949047
116.79524633789065,-4.766407620179541,0.5226161560226705,False,True,-4.564191037799429,0.6663550186860214,-0.046483337166712976,1.2871382484400824,1.287977317824952,3.00600004196167,0.3296963569969817,0.24809757521839326,0.24809757521839326,1.4954563653193071,1.4954563653193071,0.233596554007123,164.58987674891185
117.12730859375,-4.803864654308637,0.934037384253794,False,True,-4.63374597850146,1.055215007861229,-0.0668814054700573,1.2726084536867828,1.2743647039967463,3.00600004196167,0.27531022825461005,0.20886450230121165,0.20886450230121165,1.4767648081415936,1.4767648081415936,0.3950316201994539,164.9849083691113
117.767962890625,-4.766407620179541,1.5900874515043515,False,True,-4.7018990725951575,1.7915054051948045,-0.07639133064008852,1.2429151845120054,1.2452605314902885,3.0,0.29446102127584817,0.21149596870932577,0.21149596870932577,1.5924101754919717,1.5924101754919717,0.7394378901842797,165.7243462592956
117.79070458984376,-4.869414464183476,1.7457603489978712,False,True,-4.7405659898931924,1.8032842968269829,-0.09028806615662432,1.236711035854046,1.2400024681804027,3.0,0.18154895473448726,0.1411061086586265,0.1411061086586265,1.4159412484188545,1.4159412484188545,0.04042119223149753,165.7647674515271
118.79755224609374,-5.028606860274562,2.8910680935799737,False,True,-4.89616271289809,2.996813914356996,-0.11653599373774529,1.215754212160872,1.2213267139563215,3.0,0.25226071681710704,0.16948047317047052,0.16948047317047052,1.7185405820872808,1.7185405820872808,1.203629215386201,166.9683966669133
119.79027807617187,-5.12224944589514,3.3914452626296887,False,True,-5.058480426461779,3.860638949683748,-0.1350461686161616,1.079561790254569,1.087975701307504,3.0,0.819747164733957,0.4735073429323719,0.4735073429323719,1.949709020007165,1.949709020007165,0.8789429627648248,167.84733962967812
120.78863110351564,-5.056699635424631,3.2024138878596897,False,True,-5.127885457744649,4.107063286634133,-0.11031239367637136,0.7652380401106951,0.7731481631815913,3.0,1.7413751764328291,0.9074458419114267,0.9074458419114267,2.076059066531729,2.076059066531729,0.2560117423260365,168.10335137200414
121.53224389648436,-5.019242601295535,2.913307077723637,False,True,-5.122982101320312,3.872394617654746,-0.07823977254946074,0.4687217537549219,0.47520684386031414,3.0,1.773079047326046,0.9646817055985343,0.9646817055985343,2.0256744214967752,2.0256744214967752,0.234719890731018,168.33807126273516
121.79420629882812,-5.047335377636946,2.857709614888848,False,True,-5.109213435266217,3.5897949322432745,-0.06552363489898873,0.31827589258806,0.32495059706531126,3.0,1.1415283795961833,0.7346957233453197,0.7346957233453197,1.790959649884593,1.790959649884593,0.28293490127513743,168.62100616401028
121.99252416992186,-5.0660638944036585,2.846590121756032,False,True,-5.10578357317695,3.4170326742338912,-0.05933258990366515,0.2293618928098851,0.23691186989682414,3.0,0.8082768879193363,0.5718237128340419,0.5718237128340419,1.6226085102655239,1.6226085102655239,0.1727963013101036,168.7938024653204
122.61223291015624,-5.0660638944036585,2.8243511376123687,False,True,-5.118044606034541,3.3237251411556925,-0.04983519987807058,0.13812132430878335,0.14683680524888626,3.0,0.7387892970127297,0.5020720962138212,0.5020720962138212,1.6981492806308556,1.6981492806308556,0.09410966292509007,168.8879121282455
122.7968474121094,-5.103520929128426,2.835470630037862,False,True,-5.120838265609303,3.210485564643678,-0.04733624419189638,0.08400528260292875,0.09642410237794681,3.0,0.5143011785703259,0.37541455928106515,0.37541455928106515,1.558987734237784,1.558987734237784,0.11327403154492244,169.00118615979042
